From:
To:
Date:
Subject: List of countries by continents
This is a list of sovereign states and dependent territory of the world by continents. * By '''UN association''': ** The 193 members of the United Nations (UN) ** The 2 General Assembly Observer States (the Vatican City (sometimes Holy See) and the State of Palestine) * By '''other states''': ** De facto states with disputed sovereignty ** States that lack international recognition ** Cook Islands and Niue, two states in free association with New Zealand, without UN membership * By '''non-sovereign territories''': ** Generally this includes non-sovereign territories recognized by the UN as part of any state. ** Dependent territory ** Other territories often regarded as separate geographical territories even through they are integral parts of their mother states (such as the overseas departments and regions of France) Transcontinental country are listed only once, in the continent in which the United Nations groups member states. In some cases, it is not obvious which continent a country should be listed in. For example, Cyprus is geographically part of Asia but culturally more a part of Europe. Russia's capital is in Europe but most of its land area is in Asia. The United Nations groups Georgia with Eastern European states, even though both its capital and almost all of its land area are in Asia, and it is most often categorized as an Asian country. ==Africa== Africa is the world's second-largest and second-most-populous continent. At about 30.3 million km2 (11.7 million square miles) including adjacent islands, it covers 6% of Earth's total surface area and 20% of its land area, accounting for about a fifth of the world's land. With 1.3 billion people as of 2018, it accounts for about 16% of the world's human population. It is surrounded by large areas of water. There are 54 fully recognized and independent countries in Africa, and 14.7% (1.216 billion) of the world's population lives there. It is thought to be the continent where the first humans evolved. === Sovereign states === {| class="wikitable sortable" ! ! class="unsortable" |Flag !English Name !Capital !Population !Area !Currency ! class="unsortable" |Map |- |1 |File:Flag_of_Algeria.svg |Algeria |Algiers | |}} |Algerian dinar |File:Location_Algeria_AU_Africa.svg |- |2 |File:Flag_of_Angola.svg |Angola |Luanda | |}} |kwanza |File:Location_Angola_AU_Africa.svg |- |3 |File:Flag_of_Benin.svg |Benin |Porto-Novo | |}} |CFA franc |File:Location_Benin_AU_Africa.svg |- |4 |File:Flag_of_Botswana.svg |Botswana |Gaborone | |}} |Botswana pula |File:Location_Botswana_AU_Africa.svg |- |5 |File:Flag_of_Burkina_Faso.svg |Burkina Faso |Ouagadougou | |}} |CFA franc |File:Location_Burkina_Faso_AU_Africa.svg |- |6 |File:Flag_of_Burundi.svg |Burundi |Gitega | |}} |Burundi franc |File:Location_Burundi_AU_Africa.svg |- |7 |File:Flag_of_Cameroon.svg |Cameroon |Yaoundé | |}} |CFA franc |File:Location_Cameroon_AU_Africa.svg |- |8 |File:Flag_of_Cape_Verde.svg |Cape Verde |Praia | |}} |Cape Verdean escudo |File:Location_Cape_Verde_AU_Africa.svg |- |9 |File:Flag_of_the_Central_African_Republic.svg |Central African Republic |Bangui | |}} |CFA franc |File:Location_Central_African_Republic_AU_Africa.svg |- |10 |File:Flag_of_Chad.svg |Chad |N'Djamena | |}} |CFA franc |File:Location_Chad_AU_Africa.svg |- |11 |File:Flag_of_the_Comoros.svg |Comoros |Moroni, Comoros | |}} |Comorian franc |File:Location_Comoros_AU_Africa.svg |- |12 |File:Flag_of_the_Democratic_Republic_of_the_Congo.svg |Democratic Republic of the CongoAlso known as ''Congo-Kinshasa'' and formerly as ''Zaire''. |Kinshasa | |}} |Congolese franc |File:Location_DR_Congo_AU_Africa.svg |- |13 |File:Flag_of_the_Republic_of_the_Congo.svg |Republic of the CongoAlso known as ''Congo-Brazzaville''. |Brazzaville | |}} |CFA franc |File:Location_Republic_of_the_Congo_AU_Africa.svg |- |14 |File:Flag_of_Djibouti.svg |Djibouti |Djibouti (city) | |}} |Djibouti franc |File:Location_Djibouti_AU_Africa.svg |- |15 |File:Flag_of_Egypt.svg |Egypt |Cairo | |}} |Egyptian pound |File:Location_Egypt_AU_Africa.svg |- |16 |File:Flag_of_Equatorial_Guinea.svg |Equatorial Guinea |MalaboCiudad de la Paz is to be the future capital of Equatorial Guinea; currently under construction. | |}} |CFA franc |File:Location_Equatorial_Guinea_AU_Africa.svg |- |17 |File:Flag_of_Eritrea.svg |Eritrea |Asmara | |}} |Eritrean nakfa |File:Location_Eritrea_AU_Africa.svg |- |18 |File:Flag_of_Eswatini.svg |Eswatini |Lobamba | |}} |lilangeni |File:Location_Swaziland_AU_Africa.svg |- |19 |File:Flag_of_Ethiopia.svg |Ethiopia |Addis Ababa | |}} |Ethiopian birr |File:Location_Ethiopia_AU_Africa.svg |- |20 |File:Flag_of_Gabon.svg |Gabon |Libreville | |}} |CFA franc |File:Location_Gabon_AU_Africa.svg |- |21 |File:Flag_of_The_Gambia.svg |The Gambia |Banjul | |}} |dalasi |File:Location_Gambia_AU_Africa.svg |- |22 |File:Flag_of_Ghana.svg |Ghana |Accra | |}} |Ghana cedi |File:Location_Ghana_AU_Africa.svg |- |23 |File:Flag_of_Guinea.svg |GuineaAlso known as ''Guinea-Conakry'' to distinguish it from neighboring Guinea-Bissau. |Conakry | |}} |Guinean franc |File:Location_Guinea_AU_Africa.svg |- |24 |File:Flag_of_Guinea-Bissau.svg |Guinea-Bissau |Bissau | |}} |CFA franc |File:Location_Guinea_Bissau_AU_Africa.svg |- |25 |File:Flag_of_Côte_d'Ivoire.svg |Ivory Coast |Yamoussoukro | |}} |CFA franc |File:Location_Côte_d'Ivoire_AU_Africa.svg |- |26 |File:Flag_of_Kenya.svg |Kenya |Nairobi | |}} |Kenyan shilling |File:Location_Kenya_AU_Africa.svg |- |27 |File:Flag_of_Lesotho.svg |Lesotho |Maseru | |}} |Lesotho loti |File:Location_Lesotho_AU_Africa.svg |- |28 |File:Flag_of_Liberia.svg |Liberia |Monrovia | |}} |Liberian dollar |File:Location_Liberia_AU_Africa.svg |- |29 |File:Flag_of_Libya.svg |Libya |Tripoli, Libya | |}} |Libyan dinar |File:Location_Libya_AU_Africa.svg |- |30 |File:Flag_of_Madagascar.svg |Madagascar |Antananarivo | |}} |ariary |File:Location_Madagascar_AU_Africa.svg |- |31 |File:Flag_of_Malawi.svg |Malawi |Lilongwe | |}} |Malawian kwacha |File:Location_Malawi_AU_Africa.svg |- |32 |File:Flag_of_Mali.svg |Mali |Bamako | |}} |CFA franc |File:Location_Mali_AU_Africa.svg |- |33 |File:Flag_of_Mauritania.svg |Mauritania |Nouakchott | |}} |ouguiya |File:Location_Mauritania_AU_Africa.svg |- |34 |File:Flag_of_Mauritius.svg |Mauritius |Port Louis | |}} |Mauritian rupee |File:Location_Mauritius_AU_Africa.svg |- |35 |File:Flag_of_Morocco.svg |Morocco |Rabat | | |Moroccan dirham |File:Location_Morocco_AU_Africa.svg |- |36 |File:Flag_of_Mozambique.svg |Mozambique |Maputo | |}} |metical |File:Location_Mozambique_AU_Africa.svg |- |37 |File:Flag_of_Namibia.svg |Namibia |Windhoek | |}} |Namibian dollar |File:Location_Namibia_AU_Africa.svg |- |38 |File:Flag_of_Niger.svg |Niger |Niamey | |}} |CFA franc |File:Location_Niger_AU_Africa.svg |- |39 |File:Flag_of_Nigeria.svg |Nigeria |Abuja | |}} |naira |File:Location_Nigeria_AU_Africa.svg |- |40 |File:Flag_of_Rwanda.svg |Rwanda |Kigali | |}} |Rwandese franc |File:Location_Rwanda_AU_Africa.svg |- |41 |File:Flag_of_São_Tomé_and_Príncipe.svg |São Tomé and Príncipe |São Tomé | |}} |São Tomé and Príncipe dobra |File:Location_São_Tomé_and_Príncipe_AU_Africa.svg |- |42 |File:Flag_of_Senegal.svg |Senegal |Dakar | |}} |CFA franc |File:Location_Senegal_AU_Africa.svg |- |43 |File:Flag_of_Seychelles.svg |Seychelles |Victoria, Seychelles | |}} |Seychelles rupee |File:Location_Seychelles_AU_Africa.svg |- |44 |File:Flag_of_Sierra_Leone.svg |Sierra Leone |Freetown | |}} |Sierra Leonean leone |File:Location_Sierra_Leone_AU_Africa.svg |- |45 |File:Flag_of_Somalia.svg |Somalia |Mogadishu | |}} |Somali shilling |File:Location_Somalia_AU_Africa.svg |- |46 |File:Flag_of_South_Africa.svg |South Africa |Cape Town | |}} |South African rand |File:Location_South_Africa_AU_Africa.svg |- |47 |File:Flag_of_South_Sudan.svg |South Sudan |Juba | |}} |South Sudanese pound |File:Location_South_Sudan_AU_Africa.svg |- |48 |File:Flag_of_Sudan.svg |Sudan |Khartoum | |}} |Sudanese pound |File:Location_Sudan_AU_Africa.svg |- |49 |File:Flag_of_Tanzania.svg |Tanzania |Dar es Salaam | |}} |Tanzanian shilling |File:Location_Tanzania_AU_Africa.svg |- |50 |File:Flag of Togo (3-2).svg |Togo |Lomé | |}} |CFA franc |File:Location_Togo_AU_Africa.svg |- |51 |File:Flag_of_Tunisia.svg |Tunisia |Tunis | |}} |Tunisian dinar |File:Location_Tunisia_AU_Africa.svg |- |52 |File:Flag_of_Uganda.svg |Uganda |Kampala | |}} |Ugandan shilling |File:Location_Uganda_AU_Africa.svg |- |53 |File:Flag_of_Zambia.svg |Zambia |Lusaka | |}} |Zambian kwacha |File:Location_Zambia_AU_Africa.svg |- |54 |File:Flag_of_Zimbabwe.svg |Zimbabwe |Harare | |}} |Zimbabwe dollar |File:Location_Zimbabwe_AU_Africa.svg |} === Dependent territories === {| class="wikitable sortable" ! class="unsortable" |Flag !English Name !Capital !Population !Area (km²/mi²) !Currency ! class="unsortable" |Map |- |File:Flag_of_Canary_Islands.svg |Canary Islands |Santa Cruz de Tenerife |2,200,000 |}} |Euro |File:Location_Canary_Islands_Africa.svg |- |File:Flag_of_French_Southern_and_Antarctic_Lands.svg |French Southern and Antarctic Lands |Saint-Pierre, Réunion |116,000 |}} |Euro |File:French Southern and Antarctic Lands wo Antarctica in its region.svg |- |File:Flag_of_Madeira.svg |Madeira |Funchal |246,000 |}} |Euro |File:Location_Madeira_Africa.svg |- |File:Flag_of_Mayotte.svg |Mayotte |Mamoudzou |318,000 |}} |Euro |File:Location_Mayotte_Africa.svg |- |File:Flag_of_Réunion.svg |Réunion |Saint-Denis |246,000 |}} |Euro |File:Location_Réunion_Africa.svg |- |File:Flag_of_Saint_Helena,_Ascension_and_Tristan_da_Cunha.svg |Saint Helena, Ascension and Tristan da Cunha |Jamestown, Saint Helena |7,735 |}} |Saint Helena pound |File:Saint Helena, Ascension and Tristan da Cunha on the globe (Africa centered).svg |} * Transcontinental country classified as Southern Europe countries: '''''' (Madeira), '''''' (Canary Islands) * Transcontinental country classified as Western Europe countries: '''''' (French Southern and Antarctic Lands, Mayotte and Reunion) == Asia == Asia is the largest and most populous continent and is a continent in the seven continent system. Asia consists of forty-nine countries as per the United Nations along with many other highly autonomous regions and disputed areas that are often generalised as countries of their own. The 46 countries are: {| class="wikitable sortable" ! ! class="unsortable" |Flag !English Name !Capital !Population !Area ! class="unsortable" |Map |- |1 |File:Flag_of_the_Taliban.svg |Afghanistan |Kabul | |}} |File:Afghanistan_(orthographic_projection).svg |- |2 |File:Flag_of_Armenia.svg |Armenia |Yerevan | |}} |File:Armenia_(orthographic_projection).svg |- |3 |File:Flag_of_Azerbaijan.svg |Azerbaijan |Baku | |}} |File:Azerbaijan orthographic projection.svg |- |4 |File:Flag_of_Bahrain.svg |Bahrain |Manama | |}} |File:Bahrain_on_the_globe_(Bahrain_centered).svg |- |5 |File:Flag_of_Bangladesh.svg |Bangladesh |Dhaka | |}} |File:Bangladesh_(orthographic_projection).svg |- |6 |File:Flag_of_Bhutan.svg |Bhutan |Thimphu | |}} |File:Bhutan_(orthographic_projection).svg |- |7 |File:Flag_of_Brunei.svg |Brunei |Bandar Seri Begawan |460,356 |}} |File:Brunei_(orthographic_projection).svg |- |8 |File:Flag_of_Cambodia.svg |Cambodia |Phnom Penh | |}} |File:Cambodia_on_the_globe_(Cambodia_centered).svg |- |9 |File:Flag_of_the_People's_Republic_of_China.svg |China |Beijing | |}} |File:CHN_orthographic.svg |- |10 |File:Flag_of_India.svg |India |New Delhi | |}} |File:India_(orthographic_projection).svg |- |11 |File:Flag_of_Indonesia.svg |Indonesia |Jakarta | |}} |File:Indonesia_(orthographic_projection).svg |- |12 |File:Flag_of_Iran.svg |Iran |Tehran | |}} |File:Iran_(orthographic_projection).svg |- |13 |File:Flag_of_Iraq.svg |Iraq |Baghdad | |}} |File:Iraq_(orthographic).svg |- |14 |File:Flag_of_Israel.svg |Israel |Jerusalem | |}} |File:Israel_(orthographic_projection).svg |- |15 |File:Flag_of_Japan.svg |Japan |Tokyo | |}} |File:Japan_(orthographic_projection).svg |- |16 |File:Flag_of_Jordan.svg |Jordan |Amman | |}} |File:Jordan_(orthographic_projection).svg |- |17 |File:Flag_of_Kazakhstan.svg |Kazakhstan |Astana | |}} |File:Kazakhstan_(orthographic_projection).svg |- |18 |File:Flag_of_North_Korea.svg |North Korea |Pyongyang | |}} |File:Democratic_People's_Republic_of_Korea_(orthographic_projection).svg |- |19 |File:Flag_of_South_Korea.svg |South Korea |Seoul | |}} |File:Republic_of_Korea_(orthographic_projection).svg |- |20 |File:Flag_of_Kuwait.svg |Kuwait |Kuwait City | |}} |File:KWT_orthographic.svg |- |21 |File:Flag_of_Kyrgyzstan.svg |Kyrgyzstan |Bishkek | |}} |File:Kyrgyzstan_(orthographic_projection).svg |- |22 |File:Flag_of_Laos.svg |Laos |Vientiane | |}} |File:Laos_on_the_globe_(Southeast_Asia_centered).svg |- |23 |File:Flag_of_Lebanon.svg |Lebanon |Beirut | |}} |File:Lebanon_(orthographic_projection).svg |- |24 |File:Flag_of_Malaysia.svg |Malaysia |Kuala Lumpur | |}} |File:Malaysia_(orthographic_projection).svg |- |25 |File:Flag_of_Maldives.svg |Maldives |Male | |}} |File:Maldives_(orthographic_projection).svg |- |26 |File:Flag_of_Mongolia.svg |Mongolia |Ulaanbaatar | |}} |File:Mongolia_(orthographic_projection).svg |- |27 |File:Flag_of_Myanmar.svg |Myanmar |Naypyidaw | |}} |File:Myanmar_on_the_globe_(Myanmar_centered).svg |- |28 |File:Flag_of_Nepal.svg |Nepal |Kathmandu | |}} |File:Nepal_(orthographic_projection).svg |- |29 |File:Flag_of_Oman.svg |Oman |Muscat, Oman | |}} |File:Oman_(orthographic_projection).svg |- |30 |File:Flag_of_Pakistan.svg |Pakistan |Islamabad | |}} |File:Pakistan_(orthographic_projection).svg |- |31 |File:Flag_of_the_Philippines.svg |Philippines |Manila | |}} |File:PHL_orthographic.svg |- |32 |File:Flag_of_Qatar.svg |Qatar |Doha | |}} |File:QAT_orthographic.svg |- |33 |File:Flag_of_Saudi_Arabia.svg |Saudi Arabia |Riyadh | |}} |File:Saudi_Arabia_(orthographic_projection).svg |- |34 |File:Flag_of_Singapore.svg |Singapore |Downtown Core) | |}} |File:Singapore_on_the_globe_(Southeast_Asia_centered)_zoom.svg |- |35 |File:Flag_of_Sri_Lanka.svg |Sri Lanka |Colombo | |}} |File:Sri_Lanka_(orthographic_projection).svg |- |36 |File:Flag_of_Syria.svg |Syria |Damascus | |}} |File:Syria_(orthographic_projection).svg |- |37 |File:Flag_of_Tajikistan.svg |Tajikistan |Dushanbe | |}} |File:Tajikistan_(orthographic_projection).svg |- |38 |File:Flag_of_the_Republic_of_China.svg |Taiwan |Taipei | | |File:Taiwan_on_the_globe_(Japan_centered).svg |- |39 |File:Flag_of_Thailand.svg |Thailand |Bangkok | |}} |File:Thailand_(orthographic_projection).svg |- |40 |File:Flag_of_East_Timor.svg |Timor-Leste |Dili | |}} |File:Timor_Leste_(orthographic_projection).svg |- |41 |File:Flag_of_Turkey.svg |Turkey |Ankara | |}} |File:Turkey_(orthographic_projection).svg |- |42 |File:Flag_of_Turkmenistan.svg |Turkmenistan |Ashgabat | |}} |File:Turkmenistan_on_the_globe_(Eurasia_centered).svg |- |43 |File:Flag_of_the_United_Arab_Emirates.svg |United Arab Emirates |Abu Dhabi | |}} |File:United_Arab_Emirates_(orthographic_projection).svg |- |44 |File:Flag_of_Uzbekistan.svg |Uzbekistan |Tashkent | |}} |File:Узбекистан_на_глобусе.svg |- |45 |File:Flag_of_Vietnam.svg |Vietnam |Hanoi | |}} |File:Vietnam_on_the_globe_(Vietnam_centered).svg |- |46 |File:Flag_of_Yemen.svg |Yemen |Sana'a | |}} |File:Yemen_(orthographic_projection).svg |} # == Europe == Europe is the second smallest continent, but the third most populous. It is a continent in the seven continent system. In other systems, it is part of Asia, Eurasia or Eurafrasia. Below is the list of fully sovereign or de facto countries that are indisputably either entirely or partially situated within Europe. The 47 countries are: {| class="wikitable sortable" style="width:100%" | !Flag !English Name !Capital !Population !Area !Currency !Map |- |1 |File:Flag_of_Albania.svg |Albania |Tirana | |}} |Albanian lek |File:Europe-Albania.svg |- |2 |File:Flag_of_Andorra.svg |Andorra |Andorra la Vella | |}} |Euro |File:Location_Andorra_Europe.png |- style="background:lightcyan;" |3 |File:Flag_of_Austria.svg |Austria* |Vienna | |}} |Euro |File:EU-Austria.svg |- |4 |File:Flag_of_Belarus.svg |Belarus |Minsk | |}} |Belarusian rouble |File:Europe-Belarus.svg |- style="background:lightcyan;" |5 |File:Flag_of_Belgium.svg |Belgium |Brussels | |}} |Euro |File:EU-Belgium.svg |- |6 |File:Flag_of_Bosnia_and_Herzegovina.svg |Bosnia and Herzegovina |Sarajevo | |}} |Bosnia and Herzegovina convertible mark |File:Map of Bosnia and Herzegovina in Europe.svg |- style="background:lightcyan;" |7 |File:Flag_of_Bulgaria.svg |Bulgaria |Sofia | |}} |Bulgarian lev |File:EU-Bulgaria.svg |- style="background:lightcyan;" |8 |File:Flag_of_Croatia.svg |Croatia |Zagreb | |}} |Euro |File:EU-Croatia.svg |- style="background:lightcyan;" |9 |File:Flag_of_the_Czech_Republic.svg |Czech Republic |Prague | |}} |Czech koruna |File:EU-Czechia.svg |- |10 |File:Flag of Cyprus (1960–2006).svg |Cyprus |Nicosia |1,244,188 |9,251 km2 (3,572 sq mi) |Euro |File:Northern Cyprus (orthographic projection).svg |- style="background:lightcyan;" |11 |File:Flag_of_Denmark.svg |Denmark |Copenhagen | |}} |Danish krone |File:EU-Denmark.svg |- style="background:lightcyan;" |12 |File:Flag_of_Estonia.svg |Estonia |Tallinn | |}} |Euro |File:EU-Estonia.svg |- style="background:lightcyan;" |13 |File:Flag_of_Finland.svg |Finland |Helsinki | |}} |Euro |File:EU-Finland.svg |- style="background:lightcyan;" |14 |File:Flag_of_France.svg |France |Paris | |}} |Euro |File:EU-France.svg |- |15 |File:Flag of Georgia.svg |Georgia (country) |Tbilisi |3,757,980 |69,700 km2 (26,911 sq mi) |Lari |File:Georgia (orthographic projection with inset).svg |- style="background:lightcyan;" |16 |File:Flag_of_Germany.svg |Germany |Berlin | |}} |Euro |File:EU-Germany.svg |- style="background:lightcyan;" |17 |File:Flag_of_Greece.svg |Greece |Athens ('''') | |}} |Euro |File:EU-Greece.svg |- style="background:lightcyan;" |18 |File:Flag_of_Hungary.svg |Hungary |Budapest | |}} |Hungarian forint |File:EU-Hungary.svg |- |19 |File:Flag_of_Iceland.svg |Iceland |Reykjavík | |}} |Icelandic króna |File:Europe-Iceland.svg |- style="background:lightcyan;" |20 |File:Flag_of_Ireland.svg |Republic of Ireland |Dublin | |}} |Euro |File:EU-Ireland.svg |- style="background:lightcyan;" |21 |File:Flag_of_Italy.svg |Italy |Rome | |}} |Euro |File:EU-Italy.svg |- |22 |File:Flag_of_Kosovo.svg |Kosovo |Pristina |1,836,529 | |Euro |File:Europe-Kosovo.svg |- style="background:lightcyan;" |23 |File:Flag_of_Latvia.svg |Latvia |Riga | |}} |Euro |File:EU-Latvia.svg |- |24 |File:Flag_of_Liechtenstein.svg |Liechtenstein |Vaduz | |}} |Liechtenstein franc |File:Location_Liechtenstein_Europe.png |- style="background:lightcyan;" |25 |File:Flag_of_Lithuania.svg |Lithuania |Vilnius | |}} |Euro |File:EU-Lithuania.svg |- style="background:lightcyan;" |26 |File:Flag_of_Luxembourg.svg |Luxembourg |Luxembourg (city) | |}} |Euro |File:EU-Luxembourg.svg |- style="background:lightcyan;" |27 |File:Flag_of_Malta.svg |Malta |Valletta | |}} |Euro |File:EU-Malta.svg |- |28 |File:Flag_of_Moldova.svg |Moldova |Chișinău | |}} |Moldovan leu |File:Location_Moldova_Europe.png |- |29 |File:Flag_of_Monaco.svg |Monaco |Monaco | |}} |Euro |File:Location_Monaco_Europe.png |- |30 |File:Flag_of_Montenegro.svg |Montenegro |Podgorica | |}} |Euro |File:Europe-Montenegro.svg |- style="background:lightcyan;" |31 |File:Flag_of_the_Netherlands.svg |Netherlands |Amsterdam | |}} |Euro |File:EU-Netherlands.svg |- |32 |File:Flag_of_North_Macedonia.svg |North Macedonia |Skopje | |}} |Macedonian denar |File:Europe-Macedonia.svg |- |33 |File:Flag_of_Norway.svg |Norway |Oslo | |}} |Norwegian krone |File:Europe-Norway.svg |- style="background:lightcyan;" |34 |File:Flag_of_Poland.svg |Poland |Warsaw | |}} |Polish złoty |File:EU-Poland.svg |- style="background:lightcyan;" |35 |File:Flag_of_Portugal.svg |Portugal |Lisbon | |}} |Euro |File:EU-Portugal.svg |- style="background:lightcyan;" |36 |File:Flag_of_Romania.svg |Romania |Bucharest | |}} |Romanian leu |File:EU-Romania.svg |- |37 |File:Flag_of_Russia.svg |Russia |Moscow | |}} |Russian rouble |File:Europe-Russia.svg |- |38 |File:Flag_of_San_Marino.svg |San Marino |City of San Marino | |}} |Euro |File:Location_San_Marino_Europe.png |- |39 |File:Flag_of_Serbia.svg |Serbia |Belgrade | |}} |Serbian dinar |File:Europe-Serbia.svg |- style="background:lightcyan;" |40 |File:Flag_of_Slovakia.svg |Slovakia |Bratislava | |}} |Euro |File:EU-Slovakia.svg |- style="background:lightcyan;" |41 |File:Flag_of_Slovenia.svg |Slovenia |Ljubljana | |}} |Euro |File:EU-Slovenia.svg |- style="background:lightcyan;" |42 |File:Flag_of_Spain.svg |Spain |Madrid | |}} |Euro |File:EU-Spain.svg |- style="background:lightcyan;" |43 |File:Flag_of_Sweden.svg |Sweden |Stockholm | |}} |Swedish krona |File:EU-Sweden.svg |- |44 |File:Flag_of_Switzerland.svg |Switzerland |Bern | |}} |Swiss franc |File:Europe-Switzerland.svg |- |45 |File:Flag_of_Ukraine.svg |Ukraine |Kyiv | |}} |Ukrainian hryvnia |File:Europe-Ukraine (1991-2014).svg |- |46 |File:Flag_of_the_United_Kingdom.svg |United Kingdom |London | |}} |Pound sterling |File:Europe-UK.svg |- |47 |File:Flag_of_the_Vatican_City.svg |Vatican City |Vatican City | |}} |Euro |File:Location_Vatican_City_Europe.png |} ==North America== North America is the third largest continent and the fourth most populous. It is a continent in the 7 continents system, consisting of 23 countries, which are: {| class="wikitable sortable" ! ! class="unsortable" |Flag !English Name !Capital !Population !Area !Currency ! class="unsortable" |Map |- |1 |File:Flag_of_Antigua_and_Barbuda.svg |Antigua and Barbuda |St. John's, Antigua and Barbuda | |}} |East Caribbean dollar |File:ATG_orthographic.svg |- |2 |File:Flag_of_the_Bahamas.svg |The Bahamas |Nassau, Bahamas | |}} |Bahamian dollar |File:The_Bahamas_on_the_globe_(Americas_centered).svg |- |3 |File:Flag_of_Barbados.svg |BarbadosMember of the Caribbean Community. The Caribbean Community also includes Guyana and Suriname. |Bridgetown | |}} |Barbadian dollar |File:BRB_orthographic.svg |- |4 |File:Flag_of_Belize.svg |BelizeMember of the Central American Integration System. |Belmopan | |}} |Belize dollar |File:BLZ_orthographic.svg |- |5 |File:Flag_of_Canada.svg |CanadaMember of the North American Free Trade Agreement. |Ottawa | |}} |Canadian dollar |File:Canada_(orthographic_projection).svg |- |6 |File:Flag_of_Costa_Rica_(state).svg |Costa Rica |San José, Costa Rica | |}} |Costa Rican colón |File:Costa_Rica_(orthographic_projection).svg |- |7 |File:Flag_of_Cuba.svg |Cuba |Havana | |}} |Cuban peso Cuban convertible peso |File:Cuba_(orthographic_projection).svg |- |8 |File:Flag_of_Dominica.svg |Dominica |Roseau | |}} |East Caribbean dollar |File:Dominica_on_the_globe_(Americas_centered).svg |- |9 |File:Flag_of_the_Dominican_Republic.svg |Dominican Republic |Santo Domingo | |}} |Dominican peso |File:Dominican_Republic_(orthographic_projection).svg |- |10 |File:Flag_of_El_Salvador.svg |El Salvador |San Salvador | |}} |United States dollar |File:El_Salvador_(orthographic_projection).svg |- |11 |File:Flag_of_Grenada.svg |Grenada |St. George's, Grenada | |}} |East Caribbean dollar |File:Grenada_on_the_globe_(Americas_centered).svg |- |12 |File:Flag_of_Guatemala.svg |Guatemala |Guatemala City | |}} |Guatemalan quetzal |File:Guatemala_(orthographic_projection).svg |- |13 |File:Flag_of_Haiti.svg |Haiti |Port-au-Prince | |}} |Haitian gourde |File:Haiti_(orthographic_projection).svg |- |14 | |Honduras |Tegucigalpa | |}} |Honduran lempira |File:Honduras_(orthographic_projection).svg |- |15 | |Jamaica |Kingston, Jamaica | |}} |Jamaican dollar |File:Jamaica_(orthographic_projection).svg |- |16 |File:Flag_of_Mexico.svg |Mexico |Mexico City | |}} |Mexican peso |File:Mexico_(orthographic_projection).svg |- |17 |File:Flag_of_Nicaragua.svg |Nicaragua |Managua | |}} |Nicaraguan córdoba |File:Nicaragua_(orthographic_projection).svg |- |18 |File:Flag_of_Panama.svg |Panama |Panama City | |}} |Panamanian balboa United States dollar |File:Panama_(orthographic_projection).svg |- |19 |File:Flag_of_Saint_Kitts_and_Nevis.svg |Saint Kitts and Nevis |Basseterre | |}} |East Caribbean dollar |File:KNA_orthographic.svg |- |20 |File:Flag_of_Saint_Lucia.svg |Saint Lucia |Castries | |}} |East Caribbean dollar |File:Saint_Lucia_on_the_globe_(Americas_centered).svg |- |21 |File:Flag_of_Saint_Vincent_and_the_Grenadines.svg |Saint Vincent and the Grenadines |Kingstown | |}} |East Caribbean dollar |File:VCT_orthographic.svg |- |22 | align="center" | File:Flag of Trinidad and Tobago.svg |Trinidad and Tobago |Port of Spain |1,422,000 |5,130km² |Trinidadian dollar |File:TTO_orthographic.svg |- |23 |File:Flag_of_the_United_States.svg |United States |Washington, D.C. | |}} |United States dollar |File:United_States_(orthographic_projection).svg |} == South America == South America is the fourth largest continent and fifth most populous. It is a continent in the seven continent system. In other systems, it is part of The Americas. There are 12 countries. {| class="wikitable" ! !Flag !English Name !Capital !Population 2021 !Area !Official languages !Currency !Location |- |1 | align="center" | File:Flag of Argentina.svg |Argentina |Buenos Aires |44,012,000 |2,780,000km² |Spanish language |Argentine peso |File:ARG_orthographic.svg |- |2 | align="center" | File:Flag of Bolivia.svg |Bolivia |SucreLa Paz |11,748,292 |1,088,000km² |Spanish languageQuechua languageAymara language |Boliviano |File:BOL_orthographic.svg |- |3 | File:Flag of Brazil.svg |Brazil |Brasilia |206,376,100 |8,515,370km² |Portuguese language |:en:Brazilian_real |File:BRA_orthographic.svg |- |4 | File:Flag of Chile.svg |Chile |SantiagoValparaiso |17,858,000 |756,000km² |Spanish language |Chilean peso |File:CHL orthographic (+all claims).svg |- |5 | File:Flag of Colombia.svg |Colombia |Bogota |48,476,000 |1,148,000km² |Spanish language |Colombian peso |File:COL_orthographic.svg |- |6 | File:Flag of Ecuador.svg |Ecuador |Quito |16,476,000 |276,000km² |Spanish language |US dollar |File:ECU_orthographic.svg |- |7 | File:Flag of Guyana.svg |Guyana |Georgetown |747,000 |214,970km² |English language |Guyanese dollar |File:GUY_orthographic.svg |- |8 | File:Flag of Paraguay.svg |Paraguay |Asuncion |6,363,000 |406,000km² |Spanish languageGuarani language |Paraguayan guarani |File:PRY_orthographic.svg |- |9 | align="center" | File:Flag of Peru.svg |Peru |Lima |33,376,476 |1,285,000km² |Spanish language |Peruvian sol |File:PER_orthographic.svg |- |10 | align="center" | File:Flag of Suriname.svg |Suriname |Paramaribo |577,000 |163,820km² |Dutch language |Surinamese dollar |File:SUR_orthographic.svg |- |11 | align="center" | File:Flag of Uruguay.svg |Uruguay |Montevideo |3,352,000 |176,454km² |Spanish language |Uruguayan peso |File:URY_orthographic.svg |- |12 | align="center" | File:Flag of Venezuela.svg |Venezuela |Caracas |27,466,364 |916,000km² |Spanish language |Venezuelan bolivarUS dollar |File:VEN_orthographic.svg |} ==Oceania== The countries (16 total) are listed below according to their UN classification: {| class="wikitable" ! !Flag !English Name !Capital !Population 2021 !Area !Official languages !Coin !Location |- |1 | File:Flag of Australia.svg |Australia |Canberra |23,342,000 |7,700,000km² |English language |Australian dollar |File:Australia in its region.svg |- |2 | File:Flag of the Cook Islands.svg |Cook Islands |Avarua |8,820 |236km² |English languageMaori language Rarotongan language |New Zealand dollar |File:Cook Islands in its region.svg |- |3 | File:Flag of the Federated States of Micronesia.svg |Federated States of Micronesia |Palikir |128,032 |702km² |English languageSpanish languageAbout 150 Spanish speakers are found on the island of Kapingamarangi |US dollar |File:Micronesia in its region.svg |- |4 | File:Flag of Fiji.svg |Fiji |Suva |851,300 |18,275km² |English languageFijian languageHindi |Fijian dollar |File:Fiji in its region.svg |- |5 | File:Flag of Kiribati.svg |Kiribati |South Tarawa |141,362 |811km² |English languageGilbertese languageChinese languageAuxillary/culturally |Kiribati dollar |File:Kiribati in its region.svg |- |6 | File:Flag of the Marshall Islands.svg |Marshall Islands |Majuro |82,252 |181km² |English languageMarshallese languageSpanish languageAlthough there are at least 50 native speakers, 200 more of these are permanent support staff population. |US dollar |File:Marshall Islands in its region.svg |- |7 | align="center" | File:Flag of Nauru.svg |Nauru |YarenThere is no set capital for Nauru. The biggest city and administrative capital is Yaren. |9,122 |21km² |English languageNauruan languageChinese language |Nauruan dollar |File:Nauru in its region.svg |- |8 | align="center" | File:Flag of New Zealand.svg |New Zealand |Wellington |4,404,252 |270,000km² |English languageMaori languageNew Zealand Sign Language |New Zealand Dollar |File:New Zealand in its region.svg |- |9 | align="center" | File:Flag of Niue.svg |Niue |Alofi |1,242 |261km² |English languageNiuean language |New Zealand Dollar |File:Niue in its region.svg |- |10 | align="center" | File:Flag of Palau.svg |Palau |Ngerulmud |22,000 |460km² |English languagePalauan languageJapanese languageThere are 144 Japanese speakers in Angaur |US dollar |File:Palau in its region.svg |- |11 | align="center" | File:Flag of Papua New Guinea.svg |Papua New Guinea |Port Moresby |8,262,505 |462,000km² |English languageTok PisinHiri MotuIndonesian languageAbout 33,000 people on the country speak Indonesian. |Kina |File:Papua New Guinea in its region.svg |- |12 | align="center" | File:Flag of Samoa.svg |Samoa |Apia |188,033 |2830km² |English languageSamoan language |Tala |File:Samoa in its region.svg |- |13 | align="center" | File:Flag of the Solomon Islands.svg |Solomon Islands |Honiara |566,323 |28900km² |English languagePijin language |Solomon Islands dollar |File:Solomon Islands in its region.svg |- |14 | align="center" | File:Flag of Tonga.svg |Tonga |Nuku'alofa |111,363 |747km² |English languageTongan language |Pa'anga |File:Tonga in its region.svg |- |15 | align="center" | File:Flag of Tuvalu.svg |Tuvalu |Funafuti |128,032 |702km² |English languageTuvaluan language |Tuvaluan dollar |File:Tuvalu in its region.svg |- |16 | align="center" | File:Flag of Vanuatu.svg |Vanuatu |Port Vila |266,374 |12200km² |English languageFrench languageBislama language |Vatu |File:Vanuatu in its region.svg |} ==Notes== ==References== == Other website == * http://www.lonelyplanet.com/destinations/ * http://ontheworldmap.com Category:Lists of countries Category:Lists by continent
