From:
To:
Date:
Subject: List of districts of Germany
Germany is divided into 402 Districts of Germany. These consist of 295 '''rural districts''' (''Landkreise''),[http://www.fjfhs.eu/esg/styleguide_english_dgt_en_annex_5.pdf Translation: European Commission’s Directorate-General for Translation (DGT), Annex 5] listed fully here, and 107 '''urban districts''' (''Kreisfreie stadt'' / ''Stadtkreise'') - cities which constitute a district in their own right. {| class="wikitable sortable" |- ! District ! Type (rural/urban) ! States of Germany ! Capital (political) |- | Aachen (district) | ruralThe districts of Aachen, Hanover and Saarbrücken have a different statute, as a ''Kommunalverband besonderer Art''. | North Rhine-Westphalia | Aachen |- | Aachen | urbanAlthough not formally an urban district, these cities have certain rights of urban districts. | North Rhine-Westphalia | |- | Ahrweiler (district) | rural | Rhineland-Palatinate | Bad Neuenahr-Ahrweiler |- | Aichach-Friedberg | rural | Bavaria | Aichach |- | Alb-Donau (district) | rural | Baden-Württemberg | UlmSeat of the district's administration, but not part of the district (being an Independent cities of Germany). |- | Altenburger Land | rural | Thuringia | Altenburg |- | Altenkirchen (district) | rural | Rhineland-Palatinate | Altenkirchen |- | Altmarkkreis Salzwedel | rural | Saxony-Anhalt | Salzwedel |- | Altötting (district) | rural | Bavaria | Altötting |- | Alzey-Worms | rural | Rhineland-Palatinate | Alzey |- | Amberg | urban | Bavaria | |- | Amberg-Sulzbach | rural | Bavaria | Amberg |- | Ammerland | rural | Lower Saxony | Westerstede |- | Anhalt-Bitterfeld | rural | Saxony-Anhalt | Köthen (Anhalt) |- | Ansbach (district) | rural | Bavaria | Ansbach |- | Ansbach | urban | Bavaria | |- | Aschaffenburg (district) | rural | Bavaria | Aschaffenburg |- | Aschaffenburg | urban | Bavaria | |- | Augsburg (district) | rural | Bavaria | Augsburg |- | Augsburg | urban | Bavaria | |- | Aurich (district) | rural | Lower Saxony | Aurich |- | Bad Dürkheim (district) | rural | Rhineland-Palatinate | Bad Dürkheim |- | Bad Kissingen (district) | rural | Bavaria | Bad Kissingen |- | Bad Kreuznach (district) | rural | Rhineland-Palatinate | Bad Kreuznach |- | Bad Tölz-Wolfratshausen | rural | Bavaria | Bad Tölz |- | Baden-Baden | urban | Baden-Württemberg | |- | Bamberg (district) | rural | Bavaria | Bamberg |- | Bamberg | urban | Bavaria | |- | Barnim | rural | Brandenburg | Eberswalde |- | Bautzen (district) | rural | Saxony | Bautzen |- | Bayreuth (district) | rural | Bavaria | Bayreuth |- | Bayreuth | urban | Bavaria | |- | Berchtesgadener Land | rural | Bavaria | Bad Reichenhall |- | Bergstraße (district) | rural | Hesse | Heppenheim |- | Berlin | urban | Berlin | |- | Bernkastel-Wittlich | rural | Rhineland-Palatinate | Wittlich |- | Biberach (district) | rural | Baden-Württemberg | Biberach an der Riß |- | Bielefeld | urban | North Rhine-Westphalia | |- | Birkenfeld (district) | rural | Rhineland-Palatinate | Birkenfeld |- | Böblingen (district) | rural | Baden-Württemberg | Böblingen |- | Bochum | urban | North Rhine-Westphalia | |- | Bodensee (district) | rural | Baden-Württemberg | Friedrichshafen |- | Bonn | urban | North Rhine-Westphalia | |- | Börde | rural | Saxony-Anhalt | Haldensleben |- | Borken (district) | rural | North Rhine-Westphalia | Borken, North Rhine-Westphalia |- | Bottrop | urban | North Rhine-Westphalia | |- | Brandenburg an der Havel | urban | Brandenburg | |- | Braunschweig | urban | Lower Saxony | |- | Breisgau-Hochschwarzwald | rural | Baden-Württemberg | Freiburg |- | Bremen | urban | Bremen (state) | |- | Bremerhaven | urban | Bremen (state) | |- | Burgenlandkreis | rural | Saxony-Anhalt | Naumburg |- | Calw (district) | rural | Baden-Württemberg | Calw |- | Celle (district) | rural | Lower Saxony | Celle |- | Cham (district) | rural | Bavaria | Cham, Germany |- | Chemnitz | urban | Saxony | |- | Cleves (district) (''Kleve'') | rural | North Rhine-Westphalia | Cleves (''Kleve'') |- | Cloppenburg (district) | rural | Lower Saxony | Cloppenburg |- | Coburg (district) | rural | Bavaria | Coburg |- | Coburg | urban | Bavaria | |- | Cochem-Zell | rural | Rhineland-Palatinate | Cochem |- | Coesfeld (district) | rural | North Rhine-Westphalia | Coesfeld |- | Cologne (''Köln'') | urban | North Rhine-Westphalia | |- | Cottbus | urban | Brandenburg | |- | Cuxhaven (district) | rural | Lower Saxony | Cuxhaven |- | Dachau (district) | rural | Bavaria | Dachau |- | Dahme-Spreewald | rural | Brandenburg | Lübben |- | Darmstadt | urban | Hesse | |- | Darmstadt-Dieburg | rural | Hesse | Darmstadt |- | Deggendorf (district) | rural | Bavaria | Deggendorf |- | Delmenhorst | urban | Lower Saxony | |- | Dessau-Roßlau | urban | Saxony-Anhalt | |- | Diepholz (district) | rural | Lower Saxony | Diepholz |- | Dillingen (district) | rural | Bavaria | Dillingen, Bavaria |- | Dingolfing-Landau | rural | Bavaria | Dingolfing |- | Dithmarschen | rural | Schleswig-Holstein | Heide |- | Donau-Ries | rural | Bavaria | Donauwoerth |- | Donnersbergkreis | rural | Rhineland-Palatinate | Kirchheimbolanden |- | Dortmund | urban | North Rhine-Westphalia | |- | Dresden | urban | Saxony | |- | Duisburg | urban | North Rhine-Westphalia | |- | Düren (district) | rural | North Rhine-Westphalia | Düren |- | Düsseldorf | urban | North Rhine-Westphalia | |- | Ebersberg (district) | rural | Bavaria | Ebersberg |- | Eichsfeld (district) | rural | Thuringia | Heilbad Heiligenstadt |- | Eichstätt (district) | rural | Bavaria | Eichstätt |- | Bitburg-Prüm | rural | Rhineland-Palatinate | Bitburg |- | Eisenach | urban | Thuringia | |- | Elbe-Elster | rural | Brandenburg | Herzberg, Brandenburg |- | Emden | urban | Lower Saxony | |- | Emmendingen (district) | rural | Baden-Württemberg | Emmendingen |- | Emsland | rural | Lower Saxony | Meppen (Germany) |- | Ennepe-Ruhr-Kreis | rural | North Rhine-Westphalia | Schwelm |- | Enz (district) | rural | Baden-Württemberg | Pforzheim |- | Erding (district) | rural | Bavaria | Erding |- | Erfurt | urban | Thuringia | |- | Erlangen | urban | Bavaria | |- | Erlangen-Höchstadt | rural | Bavaria | Erlangen |- | Erzgebirgskreis | rural | Saxony | Annaberg-Buchholz |- | Essen | urban | North Rhine-Westphalia | |- | Esslingen (district) | rural | Baden-Württemberg | Esslingen am Neckar |- | Euskirchen (district) | rural | North Rhine-Westphalia | Euskirchen |- | Flensburg | urban | Schleswig-Holstein | |- | Forchheim (district) | rural | Bavaria | Forchheim |- | Frankenthal | urban | Rhineland-Palatinate | |- | Frankfurt am Main | urban | Hesse | |- | Frankfurt an der Oder | urban | Brandenburg | |- | Freiburg im Breisgau | urban | Baden-Württemberg | |- | Freising (district) | rural | Bavaria | Freising |- | Freudenstadt (district) | rural | Baden-Württemberg | Freudenstadt |- | Freyung-Grafenau | rural | Bavaria | Freyung, Bavaria |- | Friesland (district) | rural | Lower Saxony | Jever |- | Fulda (district) | rural | Hesse | Fulda |- | Fürstenfeldbruck (district) | rural | Bavaria | Fürstenfeldbruck |- | Fürth (district) | rural | Bavaria | Zirndorf |- | Fürth | urban | Bavaria | |- | Garmisch-Partenkirchen (district) | rural | Bavaria | Garmisch-Partenkirchen |- | Gelsenkirchen | urban | North Rhine-Westphalia | |- | Gera | urban | Thuringia | |- | Germersheim (district) | rural | Rhineland-Palatinate | Germersheim |- | Gießen (district) | rural | Hesse | Gießen |- | Gifhorn (district) | rural | Lower Saxony | Gifhorn |- | Göppingen (district) | rural | Baden-Württemberg | Göppingen |- | Görlitz (district) | rural | Saxony | Görlitz |- | Goslar (district) | rural | Lower Saxony | Goslar |- | Gotha (district) | rural | Thuringia | Gotha (town) |- | Göttingen (district) | rural | Lower Saxony | Göttingen |- | Göttingen | urban | Lower Saxony | |- | Bentheim | rural | Lower Saxony | Nordhorn |- | Greiz (district) | rural | Thuringia | Greiz |- | Groß-Gerau (district) | rural | Hesse | Groß-Gerau |- | Günzburg (district) | rural | Bavaria | Günzburg |- | Gütersloh (district) | rural | North Rhine-Westphalia | Gütersloh |- | Hagen | urban | North Rhine-Westphalia | |- | Halle, Saxony-Anhalt | urban | Saxony-Anhalt | |- | Hamburg | urban | Hamburg | |- | Hamelin-Pyrmont (''Hameln-Pyrmont'') | rural | Lower Saxony | Hamelin (''Hameln'') |- | Hamm | urban | North Rhine-Westphalia | |- | Hanover (district) (''Hannover'') | rural | Lower Saxony | Hanover (''Hannover'') |- | Hanover | urban | Lower Saxony | |- | Harburg | rural | Lower Saxony | Winsen (Luhe) |- | Harz (district) | rural | Saxony-Anhalt | Halberstadt |- | Haßberge (district) | rural | Bavaria | Haßfurt |- | Havelland | rural | Brandenburg | Rathenow |- | Heidekreis | rural | Lower Saxony | Bad Fallingbostel |- | Heidelberg | urban | Baden-Württemberg | |- | Heidenheim (district) | rural | Baden-Württemberg | Heidenheim an der Brenz |- | Heilbronn (district) | rural | Baden-Württemberg | Heilbronn |- | Heilbronn | urban | Baden-Württemberg | |- | Heinsberg (district) | rural | North Rhine-Westphalia | Heinsberg |- | Helmstedt (district) | rural | Lower Saxony | Helmstedt |- | Herford (district) | rural | North Rhine-Westphalia | Herford |- | Herne, North Rhine-Westphalia | urban | North Rhine-Westphalia | |- | Hersfeld-Rotenburg | rural | Hesse | Bad Hersfeld |- | Lauenburg (district) | rural | Schleswig-Holstein | Ratzeburg |- | Hildburghausen (district) | rural | Thuringia | Hildburghausen |- | Hildesheim (district) | rural | Lower Saxony | Hildesheim |- | Hochsauerland | rural | North Rhine-Westphalia | Meschede |- | Hochtaunuskreis | rural | Hesse | Bad Homburg |- | Hof (district) | rural | Bavaria | Hof, Bavaria |- | Hof, Bavaria | urban | Bavaria | |- | Hohenlohe (district) | rural | Baden-Württemberg | Künzelsau |- | Holzminden (district) | rural | Lower Saxony | Holzminden |- | Höxter (district) | rural | North Rhine-Westphalia | Höxter |- | Ilm-Kreis | rural | Thuringia | Arnstadt |- | Ingolstadt | urban | Bavaria | |- | Jena | urban | Thuringia | |- | Jerichower Land | rural | Saxony-Anhalt | Burg bei Magdeburg |- | Kaiserslautern (district) | rural | Rhineland-Palatinate | Kaiserslautern |- | Kaiserslautern | urban | Rhineland-Palatinate | |- | Karlsruhe (district) | rural | Baden-Württemberg | Karlsruhe |- | Karlsruhe | urban | Baden-Württemberg | |- | Kassel (district) | rural | Hesse | Kassel |- | Kassel | urban | Hesse | |- | Kaufbeuren | urban | Bavaria | |- | Kelheim (district) | rural | Bavaria | Kelheim |- | Kempten | urban | Bavaria | |- | Kiel | urban | Schleswig-Holstein | |- | Kitzingen (district) | rural | Bavaria | Kitzingen |- | Koblenz | urban | Rhineland-Palatinate | |- | Konstanz (district) | rural | Baden-Württemberg | Konstanz |- | Krefeld | urban | North Rhine-Westphalia | |- | Kronach (district) | rural | Bavaria | Kronach |- | Kulmbach (district) | rural | Bavaria | Kulmbach |- | Kusel (district) | rural | Rhineland-Palatinate | Kusel |- | Kyffhäuserkreis | rural | Thuringia | Sondershausen |- | Lahn-Dill | rural | Hesse | Wetzlar |- | Landau | urban | Rhineland-Palatinate | |- | Landsberg (district) | rural | Bavaria | Landsberg am Lech |- | Landshut (district) | rural | Bavaria | Landshut |- | Landshut | urban | Bavaria | |- | Leer (district) | rural | Lower Saxony | Leer |- | Leipzig (district) | rural | Saxony | Borna, Leipzig |- | Leipzig | urban | Saxony | |- | Leverkusen | urban | North Rhine-Westphalia | |- | Lichtenfels (district) | rural | Bavaria | Lichtenfels, Bavaria |- | Limburg-Weilburg | rural | Hesse | Limburg an der Lahn |- | Lindau (district) | rural | Bavaria | Lindau |- | Lippe | rural | North Rhine-Westphalia | Detmold |- | Lörrach (district) | rural | Baden-Württemberg | Lörrach |- | Lübeck | urban | Schleswig-Holstein | |- | Lüchow-Dannenberg | rural | Lower Saxony | Lüchow |- | Ludwigsburg (district) | rural | Baden-Württemberg | Ludwigsburg |- | Ludwigshafen | urban | Rhineland-Palatinate | |- | Ludwigslust-Parchim | rural | Mecklenburg-Vorpommern | Parchim |- | Lüneburg (district) | rural | Lower Saxony | Lüneburg |- | Magdeburg | urban | Saxony-Anhalt | |- | Main-Kinzig | rural | Hesse | Gelnhausen |- | Main-Spessart | rural | Bavaria | Karlstadt am Main |- | Main-Tauber (district) | rural | Baden-Württemberg | Tauberbischofsheim |- | Main-Taunus | rural | Hesse | Hofheim, Hesse |- | Mainz | urban | Rhineland-Palatinate | |- | Mainz-Bingen | rural | Rhineland-Palatinate | Ingelheim |- | Mannheim | urban | Baden-Württemberg | |- | Mansfeld-Südharz | rural | Saxony-Anhalt | Sangerhausen |- | Marburg-Biedenkopf | rural | Hesse | Marburg |- | Märkischer Kreis | rural | North Rhine-Westphalia | Lüdenscheid |- | Märkisch-Oderland | rural | Brandenburg | Seelow |- | Mayen-Koblenz | rural | Rhineland-Palatinate | Koblenz |- | Mecklenburgische Seenplatte (district) | rural | Mecklenburg-Vorpommern | Neubrandenburg |- | Meißen (district) | rural | Saxony | Meißen |- | Memmingen | urban | Bavaria | |- | Merzig-Wadern | rural | Saarland | Merzig |- | Mettmann (district) | rural | North Rhine-Westphalia | Mettmann |- | Miesbach (district) | rural | Bavaria | Miesbach |- | Miltenberg (district) | rural | Bavaria | Miltenberg |- | Minden-Lübbecke | rural | North Rhine-Westphalia | Minden |- | Mittelsachsen | rural | Saxony | Freiberg |- | Mönchengladbach | urban | North Rhine-Westphalia | |- | Mühldorf (district) | rural | Bavaria | Mühldorf |- | Mülheim an der Ruhr | urban | North Rhine-Westphalia | |- | Munich (district) (''München'') | rural | Bavaria | Munich (''München'') |- | Munich | urban | Bavaria | |- | Münster | urban | North Rhine-Westphalia | |- | Neckar-Odenwald | rural | Baden-Württemberg | Mosbach |- | Neuburg-Schrobenhausen | rural | Bavaria | Neuburg an der Donau |- | Neumarkt (district) | rural | Bavaria | Neumarkt in der Oberpfalz |- | Neumünster | urban | Schleswig-Holstein | |- | Neunkirchen (German district) | rural | Saarland | Ottweiler |- | Neustadt (Aisch)-Bad Windsheim | rural | Bavaria | Neustadt (Aisch) |- | Neustadt an der Weinstraße | urban | Rhineland-Palatinate | |- | Neustadt (Waldnaab) (district) | rural | Bavaria | Neustadt (Waldnaab) |- | Neu-Ulm (district) | rural | Bavaria | Neu-Ulm |- | Neuwied (district) | rural | Rhineland-Palatinate | Neuwied |- | Nienburg (district) | rural | Lower Saxony | Nienburg, Lower Saxony |- | Nordfriesland | rural | Schleswig-Holstein | Husum, Germany |- | Nordhausen (district) | rural | Thuringia | Nordhausen |- | Nordsachsen | rural | Saxony | Torgau |- | Nordwestmecklenburg | rural | Mecklenburg-Vorpommern | Wismar |- | Northeim (district) | rural | Lower Saxony | Northeim |- | Nuremberg (''Nürnberg'') | urban | Bavaria | |- | Nürnberger Land | rural | Bavaria | Lauf an der Pegnitz |- | Oberallgäu | rural | Bavaria | Sonthofen |- | Oberbergischer Kreis | rural | North Rhine-Westphalia | Gummersbach |- | Oberhausen | urban | North Rhine-Westphalia | |- | Oberhavel | rural | Brandenburg | Oranienburg |- | Oberspreewald-Lausitz | rural | Brandenburg | Senftenberg |- | Odenwaldkreis | rural | Hesse | Erbach im Odenwald |- | Oder-Spree | rural | Brandenburg | Beeskow |- | Offenbach (district) | rural | Hesse | Dietzenbach |- | Offenbach am Main | urban | Hesse | |- | Oldenburg (district) | rural | Lower Saxony | Wildeshausen |- | Oldenburg | urban | Lower Saxony | |- | Olpe (district) | rural | North Rhine-Westphalia | Olpe, Germany |- | Ortenaukreis | rural | Baden-Württemberg | Offenburg |- | Osnabrück (district) | rural | Lower Saxony | Osnabrück |- | Osnabrück | urban | Lower Saxony | |- | Ostalbkreis | rural | Baden-Württemberg | Aalen |- | Ostallgäu | rural | Bavaria | Marktoberdorf |- | Osterholz | rural | Lower Saxony | Osterholz-Scharmbeck |- | Osterode (district) | rural | Lower Saxony | Osterode am Harz |- | Ostholstein | rural | Schleswig-Holstein | Eutin |- | Ostprignitz-Ruppin | rural | Brandenburg | Neuruppin |- | Paderborn (district) | rural | North Rhine-Westphalia | Paderborn |- | Passau (district) | rural | Bavaria | Passau |- | Passau | urban | Bavaria | |- | Peine (district) | rural | Lower Saxony | Peine |- | Pfaffenhofen (district) | rural | Bavaria | Pfaffenhofen a.d.Ilm |- | Pforzheim | urban | Baden-Württemberg | |- | Pinneberg (district) | rural | Schleswig-Holstein | Pinneberg |- | Pirmasens | urban | Rhineland-Palatinate | |- | Plön (district) | rural | Schleswig-Holstein | Plön |- | Potsdam | urban | Brandenburg | |- | Potsdam-Mittelmark | rural | Brandenburg | Belzig |- | Prignitz | rural | Brandenburg | Perleberg |- | Rastatt (district) | rural | Baden-Württemberg | Rastatt |- | Ravensburg (district) | rural | Baden-Württemberg | Ravensburg |- | Recklinghausen (district) | rural | North Rhine-Westphalia | Recklinghausen |- | Regen (district) | rural | Bavaria | Regen |- | Regensburg (district) | rural | Bavaria | Regensburg |- | Regensburg | urban | Bavaria | |- | Rems-Murr | rural | Baden-Württemberg | Waiblingen |- | Remscheid | urban | North Rhine-Westphalia | |- | Rendsburg-Eckernförde | rural | Schleswig-Holstein | Rendsburg |- | Reutlingen (district) | rural | Baden-Württemberg | Reutlingen |- | Rhein-Erft-Kreis | rural | North Rhine-Westphalia | Bergheim, North Rhine-Westphalia |- | Rheingau-Taunus | rural | Hesse | Bad Schwalbach |- | Rhein-Hunsrück | rural | Rhineland-Palatinate | Simmern |- | Rheinisch-Bergischer Kreis | rural | North Rhine-Westphalia | Bergisch-Gladbach |- | Neuss (district) | rural | North Rhine-Westphalia | Neuss |- | Rhein-Lahn | rural | Rhineland-Palatinate | Bad Ems |- | Rhein-Neckar | rural | Baden-Württemberg | Heidelberg |- | Rhein-Pfalz-Kreis | rural | Rhineland-Palatinate | Ludwigshafen |- | Rhein-Sieg | rural | North Rhine-Westphalia | Siegburg |- | Rhön-Grabfeld | rural | Bavaria | Bad Neustadt |- | Rosenheim (district) | rural | Bavaria | Rosenheim |- | Rosenheim | urban | Bavaria | |- | Rostock (district) | rural | Mecklenburg-Vorpommern | Güstrow |- | Rostock | urban | Mecklenburg-Vorpommern | |- | Rotenburg (district) | rural | Lower Saxony | Rotenburg an der Wümme |- | Roth (district) | rural | Bavaria | Roth bei Nürnberg |- | Rottal-Inn | rural | Bavaria | Pfarrkirchen |- | Rottweil (district) | rural | Baden-Württemberg | Rottweil |- | Saale-Holzland | rural | Thuringia | Eisenberg, Thuringia |- | Saalekreis | rural | Saxony-Anhalt | Merseburg |- | Saale-Orla | rural | Thuringia | Schleiz |- | Saalfeld-Rudolstadt | rural | Thuringia | Saalfeld |- | Saarbrücken (district) | rural | Saarland | Saarbrücken |- | Saarlouis (district) | rural | Saarland | Saarlouis |- | Saarpfalz | rural | Saarland | Homburg, Saarland |- | Sächsische Schweiz-Osterzgebirge | rural | Saxony | Pirna |- | Salzgitter | urban | Lower Saxony | |- | Salzlandkreis | rural | Saxony-Anhalt | Bernburg |- | Sankt Wendel (district) | rural | Saarland | Sankt Wendel |- | Schaumburg | rural | Lower Saxony | Stadthagen |- | Schleswig-Flensburg | rural | Schleswig-Holstein | Schleswig, Schleswig-Holstein |- | Schmalkalden-Meiningen | rural | Thuringia | Meiningen |- | Schwabach | urban | Bavaria | |- | Schwäbisch Hall (district) | rural | Baden-Württemberg | Schwäbisch Hall |- | Schwalm-Eder | rural | Hesse | Homberg (Efze) |- | Schwandorf (district) | rural | Bavaria | Schwandorf |- | Schwarzwald-Baar | rural | Baden-Württemberg | Villingen-Schwenningen |- | Schweinfurt (district) | rural | Bavaria | Schweinfurt |- | Schweinfurt | urban | Bavaria | |- | Schwerin | urban | Mecklenburg-Vorpommern | |- | Segeberg | rural | Schleswig-Holstein | Bad Segeberg |- | Siegen-Wittgenstein | rural | North Rhine-Westphalia | Siegen |- | Sigmaringen (district) | rural | Baden-Württemberg | Sigmaringen |- | Soest (district) | rural | North Rhine-Westphalia | Soest, Germany |- | Solingen | urban | North Rhine-Westphalia | |- | Sömmerda (district) | rural | Thuringia | Sömmerda |- | Sonneberg (district) | rural | Thuringia | Sonneberg |- | Speyer | urban | Rhineland-Palatinate | |- | Spree-Neiße | rural | Brandenburg | Forst (Lausitz) |- | Stade (district) | rural | Lower Saxony | Stade |- | Starnberg (district) | rural | Bavaria | Starnberg |- | Steinburg | rural | Schleswig-Holstein | Itzehoe |- | Steinfurt (district) | rural | North Rhine-Westphalia | Steinfurt |- | Stendal (district) | rural | Saxony-Anhalt | Stendal |- | Stormarn | rural | Schleswig-Holstein | Bad Oldesloe |- | Straubing | urban | Bavaria | |- | Straubing-Bogen | rural | Bavaria | Straubing |- | Stuttgart | urban | Baden-Württemberg | |- | Südliche Weinstraße | rural | Rhineland-Palatinate | Landau |- | Südwestpfalz | rural | Rhineland-Palatinate | Pirmasens |- | Suhl | urban | Thuringia | |- | Teltow-Fläming | rural | Brandenburg | Luckenwalde |- | Tirschenreuth (district) | rural | Bavaria | Tirschenreuth |- | Traunstein (district) | rural | Bavaria | Traunstein |- | Trier | urban | Rhineland-Palatinate | |- | Trier-Saarburg | rural | Rhineland-Palatinate | Trier |- | Tübingen (district) | rural | Baden-Württemberg | Tübingen |- | Tuttlingen (district) | rural | Baden-Württemberg | Tuttlingen |- | Uckermark | rural | Brandenburg | Prenzlau |- | Uelzen (district) | rural | Lower Saxony | Uelzen |- | Ulm | urban | Baden-Württemberg | |- | Unna (district) | rural | North Rhine-Westphalia | Unna |- | Unstrut-Hainich | rural | Thuringia | Mühlhausen |- | Unterallgäu | rural | Bavaria | Mindelheim |- | Vechta (district) | rural | Lower Saxony | Vechta |- | Verden (district) | rural | Lower Saxony | Verden, Germany |- | Viersen (district) | rural | North Rhine-Westphalia | Viersen |- | Vogelsbergkreis | rural | Hesse | Lauterbach, Hesse |- | Vogtlandkreis | rural | Saxony | Plauen |- | Vorpommern-Greifswald | rural | Mecklenburg-Vorpommern | Greifswald |- | Vorpommern-Rügen | rural | Mecklenburg-Vorpommern | Stralsund |- | Vulkaneifel | rural | Rhineland-Palatinate | Daun, Germany |- | Waldeck-Frankenberg | rural | Hesse | Korbach |- | Waldshut (district) | rural | Baden-Württemberg | Waldshut-Tiengen |- | Warendorf (district) | rural | North Rhine-Westphalia | Warendorf |- | Wartburgkreis | rural | Thuringia | Eisenach |- | Weiden in der Oberpfalz | urban | Bavaria | |- | Weilheim-Schongau | rural | Bavaria | Weilheim, Bavaria |- | Weimar | urban | Thuringia | |- | Weimarer Land | rural | Thuringia | Apolda |- | Weißenburg-Gunzenhausen | rural | Bavaria | Weißenburg in Bayern |- | Werra-Meißner | rural | Hesse | Eschwege |- | Wesel (district) | rural | North Rhine-Westphalia | Wesel |- | Wesermarsch | rural | Lower Saxony | Brake (Unterweser) |- | Westerwaldkreis | rural | Rhineland-Palatinate | Montabaur |- | Wetteraukreis | rural | Hesse | Friedberg, Hesse |- | Wiesbaden | urban | Hesse | |- | Wilhelmshaven | urban | Lower Saxony | |- | Wittenberg (district) | rural | Saxony-Anhalt | Wittenberg |- | Wittmund (district) | rural | Lower Saxony | Wittmund |- | Wolfenbüttel (district) | rural | Lower Saxony | Wolfenbüttel |- | Wolfsburg | urban | Lower Saxony | |- | Worms, Germany | urban | Rhineland-Palatinate | |- | Wunsiedel (district) | rural | Bavaria | Wunsiedel |- | Wuppertal | urban | North Rhine-Westphalia | |- | Würzburg (district) | rural | Bavaria | Würzburg |- | Würzburg | urban | Bavaria | |- | Zollernalbkreis | rural | Baden-Württemberg | Balingen |- | Zweibrücken | urban | Rhineland-Palatinate | |- | Zwickau (district) | rural | Saxony | Zwickau |} == References == Category:Local government of Germany Category:Districts of Germany Category:Germany-related lists
