From:
To:
Date:
Subject: Provinces of Spain
There are fifty parts of Spain called provinces. They are: {|class="wikitable sortable" |- !scope="col"| Province name !scope="col"| Capital !scope="col"| Autonomous community !scope="col" class="unsortable"| Lists of municipalities |- | '''Province of A Coruña''' ''(Spanish language)''; '''A Coruña''' ''(Galician language)'' | ''(Spanish)''; A Coruña ''(Galician)'' | | List of municipalities in A Coruña |- | ''(Spanish)''; '''Araba''' ''(Basque language)'' | ''(Spanish)'' Gasteiz ''(Basque)'' | | List of municipalities in Álava |- | | | | List of municipalities in Albacete |- | ''(Spanish)'' '''Alacant''' ''(Valencian)'' | ; Alacant ''(Valencian)'' | | List of municipalities in Alicante |- | | | | List of municipalities in Almería |- | | | | List of municipalities in Asturias |- | | | | List of municipalities in Ávila |- | | | | List of municipalities in Badajoz |- | ''(English)''; '''Illes Balears''' ''(Catalan language)'' '''Islas Baleares''' ''(Spanish)'' | | | List of municipalities in Balearic Islands |- | | | | List of municipalities in Barcelona |- | ''(Spanish)''; '''Bizkaia''' ''(Basque) | | | List of municipalities in Biscay |- | | | | List of municipalities in Burgos |- | | | | List of municipalities in Cáceres |- | | | | List of municipalities in Cádiz |- | | | | List of municipalities in Cantabria |- | ''(Spanish)''; '''Castelló''' ''(Valencian)'' | Castelló de la Plana ''(Valencian)'' | | List of municipalities in Castellón |- | | | | List of municipalities in Ciudad Real |- | | | | List of municipalities in Córdoba |- | | | | List of municipalities in Cuenca |- | ''(Spanish)''; '''Gipuzkoa''' ''(Basque)'' | ''(Spanish)'' Donostia ''(Basque)'' | | List of municipalities in Gipuzkoa |- | ''(Spanish)''; '''Girona''' ''(Catalan)'' | ''(Catalan)''; Gerona ''(Spanish)'' | | List of municipalities in Girona |- | | | | List of municipalities in Granada |- | | | | List of municipalities in Guadalajara |- | | | | List of municipalities in Huelva |- | | | | List of municipalities in Huesca |- | | | | List of municipalities in Jaén |- | | | | List of municipalities in La Rioja |- | | | | List of municipalities in Las Palmas |- | | | | List of municipalities in León |- | '''Province of Lleida''' ''(Catalan)''; '''Lérida''' ''(Spanish)'' | ''(Catalan)''; Lérida ''(Spanish)'' | | List of municipalities in Lleida |- | | | | List of municipalities in Lugo |- | | | | List of municipalities in Madrid |- | | | | List of municipalities in Málaga |- | | | | List of municipalities in Murcia |- | ; '''Nafarroa''' ''(Basque)''; '''Navarra''' ''(Spanish)'' | ; Iruña ''(Basque)'' | | List of municipalities in Navarre |- | ''(Galician)''; '''Orense''' ''(Spanish)'' | ''(Galician)''; Orense ''(Spanish)'' | | List of municipalities in Ourense |- | | | | List of municipalities in Palencia |- | | | | List of municipalities in Pontevedra |- | | | | List of municipalities in Salamanca |- | | | | List of municipalities in Santa Cruz de Tenerife |- | | | | List of municipalities in Segovia |- | ; '''Sevilla''' ''(Spanish)'' | ; Sevilla ''(Spanish)'' | | List of municipalities in Sevilla |- | | | | List of municipalities in Soria |- | | | | List of municipalities in Tarragona |- | | | | List of municipalities in Teruel |- | | | | List of municipalities in Toledo |- | ; '''València''' ''(Valencian)'' | ; València ''(Valencian)'' | | List of municipalities in Valencia |- | | | | List of municipalities in Valladolid |- | | | | List of municipalities in Zamora |- | ; '''Saragossa''' ''(English)'' | ; Saragossa ''(English)'' | | List of municipalities in Zaragoza |} Category:Provinces of Spain Category:Spain-related lists
