From:
To:
Date:
Subject: Departments of France
The '''départements''' (or county) are administration parts of France and many French colonies, similar to English county. ''Départements'' are a kind of local government. The 101 French ''départements'' are now grouped into 13 metropolitan and five overseas regions of France. Their capital (city) are called Prefectures in France. == French ''régions'' and ''préfecture'' == File:Départements de France.svg {|style="background:none;" cellspacing="0" cellpadding="0" |-valign="top" | {|class="wikitable sortable" |- !scope="col"|INSEE code !scope="col"|Coat of arms !scope="col"|Department !scope="col"|Prefecture !scope="col"|Region !scope="col"|Named after |- !scope="row" style="text-align: left;"|01 |File:Blason département fr Ain.svg |Ain |Bourg-en-Bresse | |Ain (river) |- !scope="row" style="text-align: left;"|02 |File:Blason département fr Aisne.svg |Aisne |Laon | |Aisne (river) |- !scope="row" style="text-align: left;"|03 |File:Blason dpt fr Allier.svg |Allier |Moulins, Allier | |Allier (river) |- !scope="row" style="text-align: left;"|04 |File:Blason departement Alpes-de-Haute-Provence.svg |Alpes-de-Haute-Provence |Digne-les-Bains | |Alps |- !scope="row" style="text-align: left;"|05 |File:Blason dpt fr HautesAlpes.svg |Hautes-Alpes |Gap, Hautes-Alpes | |Alps |- !scope="row" style="text-align: left;"|06 |File:Nice Arms.svg |Alpes-Maritimes |Nice | |Alps |- !scope="row" style="text-align: left;"|07 |File:Blason dpt fr Ardeche.svg | |Privas | |Ardèche (river) |- !scope="row" style="text-align: left;"|08 |File:Blason département fr Ardennes.svg |Ardennes (department) | | |Ardennes Forest |- !scope="row" style="text-align: left;"|09 |File:Blason dpt fr Ariège.svg | |Foix | |Ariège (river) |- !scope="row" style="text-align: left;"|10 |File:Blason département fr Aube.svg |Aube |Troyes | |Aube (river) |- !scope="row" style="text-align: left;"|11 |File:Blason dpt fr Aude.svg |Aude |Carcassonne | |Aude (river) |- !scope="row" style="text-align: left;"|12 |File:Blason comtes de Rodez.svg |Aveyron |Rodez | |Aveyron (river) |- !scope="row" style="text-align: left;"|13 |File:Blason departement Bouches-du-Rhone.svg | |Marseille | |Rhône (river) |- !scope="row" style="text-align: left;"|14 |File:Blason département fr Calvados.svg |Calvados (department) |Caen | |Calvados rocks |- !scope="row" style="text-align: left;"|15 |File:Blason dpt fr Cantal.svg |Cantal |Aurillac | |Mounts of Cantal |- !scope="row" style="text-align: left;"|16 |File:Blason département fr Charente.svg |Charente | | |Charente (river) |- !scope="row" style="text-align: left;"|17 |File:Blason département fr Charente-Maritime.svg |Charente-Maritime |La Rochelle | |Charente (river) |- !scope="row" style="text-align: left;"|18 |File:Blason dpt fr Cher.svg |Cher (department) |Bourges | |Cher (river) |- !scope="row" style="text-align: left;"|19 |File:Blason département fr Corrèze.svg | |Tulle | |Corrèze (river) |- !scope="row" style="text-align: left;" data-sort-value=20A|2A |File:Blason de Corse.svg |Corse-du-Sud |Ajaccio | |Island of Corsica |- !scope="row" style="text-align: left;" data-sort-value=20B|2B |File:Blason de Corse.svg |Haute-Corse |Bastia | |Island of Corsica |- !scope="row" style="text-align: left;"|21 |File:Blason département fr Côte-d'Or.svg | |Dijon | |Côte d'Or (escarpment) |- !scope="row" style="text-align: left;"|22 |File:Blason département fr Côtes-d'Armor.svg |}} |Saint-Brieuc | Brittany (administrative region) |coasts of Armorica |- !scope="row" style="text-align: left;"|23 |File:Blason Boubon-La Marche.svg |Creuse | | |Creuse (river) |- !scope="row" style="text-align: left;"|24 |File:Blason Dordogne 1.svg |Dordogne | | |Dordogne (river) |- !scope="row" style="text-align: left;"|25 |File:Blason département fr Doubs.svg |Doubs | | |Doubs (river) |- !scope="row" style="text-align: left;"|26 |File:Blason departement Drome.svg | |Valence, Drôme | |Drôme (river) |- !scope="row" style="text-align: left;"|27 |File:Blason département fr Eure.svg |Eure | | |Eure (river) |- !scope="row" style="text-align: left;"|28 |File:Blason département fr Eure-et-Loir.svg |Eure-et-Loir |Chartres | |Eure (river) and Loir rivers |- !scope="row" style="text-align: left;"|29 |File:Blason département fr Finistère.svg | |Quimper | Brittany (administrative region) |''Finis Terræ'' (end of earth) |- !scope="row" style="text-align: left;"|30 |File:Blason département fr Gard.svg |Gard | | |Gardon (river) |- !scope="row" style="text-align: left;"|31 |File:Blason département fr Haute-Garonne.svg |Haute-Garonne |Toulouse | |Garonne (river) |- !scope="row" style="text-align: left;"|32 |File:Blason dpt fr Gers.svg |Gers |Auch | |Gers (river) |- !scope="row" style="text-align: left;"|33 |File:Blason département fr Gironde.svg |Gironde |Bordeaux | |Gironde (river) |- !scope="row" style="text-align: left;"|34 |File:Blason département fr Hérault.svg | |Montpellier | |Hérault (river) |- !scope="row" style="text-align: left;"|35 |File:Blason departement Ille-et-Vilaine.svg |Ille-et-Vilaine |Rennes | Brittany (administrative region) |Ille and Vilaine rivers |- !scope="row" style="text-align: left;"|36 |File:Blason département fr Indre.svg |Indre (department) | | |Indre (river) |- !scope="row" style="text-align: left;"|37 |File:Blason département fr Indre-et-Loire.svg |Indre-et-Loire |Tours | |Indre (river) and Loire rivers |- !scope="row" style="text-align: left;"|38 |File:Blason departement Isere.svg | |Grenoble | |Isère (river) |- !scope="row" style="text-align: left;"|39 |File:Blason département fr Jura.svg |Jura (department) |Lons-le-Saunier | |Jura Mountains |- !scope="row" style="text-align: left;"|40 |File:Blason dpt fr Landes.svg |Landes (department) |Mont-de-Marsan | |Landes forest |- !scope="row" style="text-align: left;"|41 |File:Blason département fr Loir-et-Cher.svg |Loir-et-Cher |Blois | |Loir and Cher (river) rivers |- !scope="row" style="text-align: left;"|42 |File:Blason departement Loire.svg |Loire (department) | | |Loire (river) |- !scope="row" style="text-align: left;"|43 |File:Blason dpt fr Haute-Loire.svg |Haute-Loire |Le Puy-en-Velay | |Loire (river) |- !scope="row" style="text-align: left;"|44 |File:Blason dpt fr LoireAtlantique dapres Robert Louis.svg |Loire-Atlantique |Nantes | |Loire (river) |- !scope="row" style="text-align: left;"|45 |File:Blason département fr Loiret.svg |Loiret | | |Loiret (river) |- !scope="row" style="text-align: left;"|46 |File:Blason département fr Lot.svg |Lot (department) |Cahors | |Lot (river) |- !scope="row" style="text-align: left;"|47 |File:Blason département fr Lot-et-Garonne.svg |Lot-et-Garonne |Agen | |Lot (river) and Garonne rivers |- !scope="row" style="text-align: left;"|48 |File:Blason département fr Lozère.svg | |Mende, Lozère | |Mont Lozère |- !scope="row" style="text-align: left;"|49 |File:Blason departement Maine-et-Loire.svg |Maine-et-Loire |Angers | |Maine (river) and Loire rivers |- !scope="row" style="text-align: left;"|50 |File:Blason département fr Manche.svg |Manche | | |English Channel |- !scope="row" style="text-align: left;"|51 |File:Blason departement Marne.svg |Marne (department) | | |Marne (river) |- !scope="row" style="text-align: left;"|52 |File:Blason département fr Haute-Marne.svg |Haute-Marne |Chaumont, Haute-Marne | |Marne (river) |- !scope="row" style="text-align: left;"|53 |File:Blason département fr Mayenne.svg |Mayenne |Laval, Mayenne | |Mayenne (river) |- !scope="row" style="text-align: left;"|54 |File:Blason Meurthe-et-Moselle.svg |Meurthe-et-Moselle |Nancy, France | |Meurthe (river) and Moselle rivers |- !scope="row" style="text-align: left;"|55 |File:Blason Meuse.svg |Meuse (department) |Bar-le-Duc | |Meuse (river) |- !scope="row" style="text-align: left;"|56 |File:Blason departement Morbihan.svg |Morbihan |Vannes | Brittany (administrative region) |Gulf of Morbihan |- !scope="row" style="text-align: left;"|57 |File:Blason Moselle.svg |Moselle (department) |Metz | |Moselle (river) |- !scope="row" style="text-align: left;"|58 |File:Blason dpt fr Nievre.svg | |Nevers | |Nièvre (river) |- !scope="row" style="text-align: left;"|59 |File:Blason Nord-Pas-De-Calais.svg |Nord (French department) |Lille | |North |- !scope="row" style="text-align: left;"|60 |File:Blason département fr Oise.svg |Oise |Beauvais | |Oise (river) |- !scope="row" style="text-align: left;"|61 |File:Blason département fr Orne.svg |Orne | | |Orne (river) |- !scope="row" style="text-align: left;"|62 |File:Pas de Calais Arms.svg |Pas-de-Calais |Arras | |Strait of Dover |- !scope="row" style="text-align: left;"|63 |File:Blason dpt fr Puy-de-Dome.svg | |Clermont-Ferrand | |Puy de Dôme volcano |- !scope="row" style="text-align: left;"|64 |File:Blason des Pyrénées-Atlantiques.svg |}} |Pau, Pyrénées-Atlantiques | |Pyrenees |- !scope="row" style="text-align: left;"|65 |File:Blason dpt fr HautesPyrenees.svg | |Tarbes | |Pyrenees |- !scope="row" style="text-align: left;"|66 |File:Arms of the Pyrénées-Orientales.svg | |Perpignan | |Pyrenees |- !scope="row" style="text-align: left;"|67 |File:Blason Bas Rhin.svg |Bas-Rhin |Strasbourg | |Rhine (river) |- !scope="row" style="text-align: left;"|68 |File:Blason Haut Rhin.svg |Haut-Rhin |Colmar | |Rhine (river) |- !scope="row" style="text-align: left;"|69 |File:Blason dpt fr Rhone.svg | |Lyon | |Rhône (river) |- !scope="row" style="text-align: left;"|69M | | |Lyon | |communes of Lyon |- !scope="row" style="text-align: left;"|70 |File:Blason dpt fr Haute-Saone.svg | |Vesoul | |Saône (river) |- !scope="row" style="text-align: left;"|71 |File:Blason département fr Saône-et-Loire.svg | | | |Saône and Loire rivers |- !scope="row" style="text-align: left;"|72 |File:Blason dpt fr Sarthe.svg |Sarthe |Le Mans | |Sarthe (river) |- !scope="row" style="text-align: left;"|73 |File:Savoie Blason.svg |Savoie | | |region of Savoy |- !scope="row" style="text-align: left;"|74 |File:Haute Savoie blason.svg |Haute-Savoie |Annecy | |region of Savoy |- !scope="row" style="text-align: left;"|75 |File:Blason paris 75.svg |Paris |Paris | |city of Paris |- !scope="row" style="text-align: left;"|76 |File:Blason76.svg |Seine-Maritime |Rouen | |Seine (river) |- !scope="row" style="text-align: left;"|77 |File:Blason département fr Seine-et-Marne.svg |Seine-et-Marne |Melun | |Seine and Marne (river) rivers |- !scope="row" style="text-align: left;"|78 |File:Blason département fr Yvelines.svg |Yvelines |Versailles, Yvelines | |Forest of Yvelines |- !scope="row" style="text-align: left;"|79 |File:Blason département fr Deux-Sèvres.svg | |Niort | |Sèvre Nantaise and Sèvre Niortaise rivers |- !scope="row" style="text-align: left;"|80 |File:Blason département fr Somme.svg |Somme (department) |Amiens | |Somme (river) |- !scope="row" style="text-align: left;"|81 |File:Blason dpt fr Tarn.svg |Tarn (department) |Albi | |Tarn (river) |- !scope="row" style="text-align: left;"|82 |File:Blason département fr Tarn-et-Garonne.svg |Tarn-et-Garonne |Montauban | |Tarn (river) and Garonne rivers |- !scope="row" style="text-align: left;"|83 |File:Blason departement Var.svg |Var (department) |Toulon | |Var (river) |- !scope="row" style="text-align: left;"|84 |File:Blason département fr Vaucluse.svg |Vaucluse |Avignon | |Fontaine-de-Vaucluse spring |- !scope="row" style="text-align: left;"|85 |File:Blason dpt fr 85 Vendée.svg | |La Roche-sur-Yon | |Vendée (river) |- !scope="row" style="text-align: left;"|86 |File:Blason département fr Vienne.svg |Vienne |Poitiers | |Vienne (river) |- !scope="row" style="text-align: left;"|87 |File:Blason departement Haute-Vienne.svg |Haute-Vienne |Limoges | |Vienne (river) |- !scope="row" style="text-align: left;"|88 |File:Blason Vosges.svg |Vosges (department) | | |Vosges Mountains |- !scope="row" style="text-align: left;"|89 |File:Blason département fr Yonne.svg |Yonne |Auxerre | |Yonne (river) |- !scope="row" style="text-align: left;"|90 |File:Blason département fr Territoire de Belfort.svg |Territoire de Belfort |Belfort | |city of Belfort |- !scope="row" style="text-align: left;"|91 |File:Blason département fr Essonne.svg |Essonne | | |Essonne (river) |- !scope="row" style="text-align: left;"|92 |File:Blason département fr Hauts-de-Seine.svg |Hauts-de-Seine |Nanterre | |Seine (river) |- !scope="row" style="text-align: left;"|93 |File:Blason département fr Seine-Saint-Denis.svg |Seine-Saint-Denis |Bobigny | |Seine (river) |- !scope="row" style="text-align: left;"|94 |File:Blason département fr Val-de-Marne.svg |Val-de-Marne |Créteil | |Marne (river) |- !scope="row" style="text-align: left;"|95 |File:Blason département fr Val-d'Oise.svg |Val-d'Oise |Pontoise | |Oise (river) |- !scope="row" style="text-align: left;"|971 |File:Coat of arms of Guadeloupe.svg |Guadeloupe |Basse-Terre | | |- !scope="row" style="text-align: left;"|972 |File:Coat of arms of Martinique.svg |Martinique |Fort-de-France | | |- !scope="row" style="text-align: left;"|973 |File:Blason de la Guyane.svg |French Guiana |Cayenne | | |- !scope="row" style="text-align: left;"|974 |File:Blason Réunion DOM.svg |}} |Saint-Denis, Réunion | | |- !scope="row" style="text-align: left;"|976 |File:Coat of Arms of Mayotte.svg |Mayotte |Mamoudzou | | |} Notes: * Most of the coats of arms are not official * This department was known as Basses-Alpes until 1970 * This department was known as Charente-Inférieure until 1941 * This department was known as Côtes-du-Nord until 1990 * This department was known as Bec-d'Ambès from 1793 until 1795. The Convention eliminated the name to avoid recalling the outlawed Girondin political faction. * This department was known as Loire-Inférieure until 1957 * This department was known as Mayenne-et-Loire until 1791 * This department was known as Basses-Pyrénées until 1969 * Number 75 was formerly assigned to Seine (department) * This department was known as Seine-Inférieure until 1955 * Number 78 was formerly assigned to Seine-et-Oise * Number 91 was formerly assigned to Alger (department), in French Algeria * Number 92 was formerly assigned to Oran (department), in French Algeria * Number 93 was formerly assigned to Constantine (department), in French Algeria * The prefecture of Val-d'Oise was established in Pontoise when the department was created, but moved ''de facto'' to the neighbouring commune of Cergy; currently, both part of the ''ville nouvelle'' of Cergy-Pontoise * The overseas departments each constitute a regions of France and enjoy a status identical to ''metropolitan'' France. They are part of France and the European Union, though Special member state territories and the European Union to them. * Mayotte became the 101st department of France on 31 March 2011. The INSEE code of Mayotte is 976 (975 is already assigned to the French overseas collectivities of Saint Pierre and Miquelon) * Metropoles with territorial collectivity statute. | File:Départements de France English.svg File:Petite couronne-2.svg |} Category:Departments of France
