From:
To:
Date:
Subject: List of football clubs in Brazil
This is a list of Brazilian football (soccer) teams. == List of clubs sorted by state == === Acre === ''State championship: Campeonato Acreano'' {| class="wikitable sortable" |- !Club !Location |- |Associação Desportiva Senador Guiomard |Senador Guiomard |- |Andirá Esporte Clube |Rio Branco |- |Atlético Acreano |Rio Branco |- |Independência Futebol Clube |Rio Branco |- |Atlético Clube Juventus |Rio Branco |- |Rio Branco Football Club |Rio Branco |- | Associação Desportiva Vasco da Gama |Rio Branco |} === Alagoas === ''State championship: Campeonato Alagoano'' {| class="wikitable sortable" |- !Club !Location |- |Agremiação Sportiva Arapiraquense |Arapiraca |- |Comercial Futebol Clube (AL) |Viçosa |- |Sport Club Corinthians Alagoano |Maceió |- |Associação Atlética Coruripe |Coruripe |- |Centro Sportivo Alagoano |Maceió |- |Clube Sociedade Esportiva |Palmeira dos Índios |- |Clube de Regatas Brasil |Maceió |} ==== Defunct clubs ==== {| class="wikitable sortable" |- !Club !Location |- |Sport Club Barroso |Maceió |- |Centro Sportivo Capelense |Capela |} === Amapá === ''State championship: Campeonato Amapaense'' {| class="wikitable sortable" |- !Club !Location |- |Amapá Clube |Macapá |- |Esporte Clube Macapá |Macapá |- |Santos Futebol Clube (AP) |Macapá |- |Sociedade Esportiva e Recreativa São José |Macapá |- |Trem Desportivo Clube |Macapá |- |Ypiranga Clube |Macapá |} === Amazonas === ''State championship: Campeonato Amazonense'' {| class="wikitable sortable" |- !Club !Location |- |América Futebol Clube (AM) |Manaus |- |Nacional Fast Clube |Manaus |- |Grêmio Atlético Coariense |Coari |- |Holanda Esporte Clube |Rio Preto da Eva |- |Libermorro Futebol Clube |Manaus |- |Nacional Futebol Clube |Manaus |- |Princesa do Solimões Esporte Clube |Manacapuru |- |Atlético Rio Negro Clube |Manaus |- |São Raimundo Esporte Clube |Manaus |- |Sul América Esporte Clube |Manaus |} === Bahia === ''State championship: Campeonato Baiano'' {| class="wikitable sortable" |- !Club !Location |- |Esporte Clube Bahia |Salvador, Brazil |- |Colo-Colo de Futebol e Regatas |Ilhéus |- |Fluminense de Feira Futebol Clube |Feira de Santana |- |Galícia Esporte Clube |Salvador, Brazil |- |Esporte Clube Ipitanga da Bahia |Lauro de Freitas |- |Juazeiro Social Clube |Juazeiro |- |Esporte Clube Vitória |Salvador, Brazil |} === Ceará === ''State championship: Campeonato Cearense'' {| class="wikitable sortable" |- !Club !Location |- |Ceará Sporting Club |Fortaleza |- |Ferroviário Atlético Clube |Fortaleza |- |Fortaleza E.C. |Fortaleza |- |Guarany Sporting Club |Sobral |- |Associação Desportiva Recreativa Cultural Icasa |Juazeiro do Norte |- |Associação Desportiva Limoeiro Futebol Clube |Limoeiro do Norte |} === Distrito Federal === ''State championship: Campeonato Brasiliense'' {| class="wikitable sortable" |- !Club !Location |- |Brasília Futebol Clube |Brasília |- |Brasiliense Futebol Clube |Taguatinga |- |Sociedade Esportiva Ceilandense |Ceilândia |- |Ceilândia Esporte Clube |Ceilândia |- |CFZ de Brasília Sociedade Esportiva |Brasília |- |Esporte Clube Dom Pedro II |Guará, Distrito Federal |- |Sociedade Esportiva do Gama |Gama (Brazil) |- |Associação Atlética Luziânia |Luziânia |- |Taguatinga Esporte Clube |Taguatinga |} ==== Defunct clubs ==== {| class="wikitable sortable" |- !Club !Location |- |Centro de Ensino Unificado de Brasília |Brasília |} === Espírito Santo === ''State championship: Campeonato Capixaba'' {| class="wikitable sortable" |- !Club !Location |- |Desportiva Capixaba |Cariacica |- |Cachoeiro Futebol Clube |Cachoeiro de Itapemirim |- |Centro de Treinamento Edmílson - CTE Colatina Futebol Clube |Colatina |- |Estrela do Norte Futebol Clube |Cachoeiro de Itapemirim |- |Associação Jaguaré Esporte Clube |Jaguaré |- |Linhares Futebol Clube |Linhares |- |Muniz Freire Futebol Clube |Muniz Freire |- |Rio Branco Atlético Clube |Cariacica |- |Clube Educativo e Recreativo Associação Atlética São Mateus |São Mateus, Espírito Santo |- |Sociedade Desportiva Serra Futebol Clube |Serra, Espírito Santo |- |Vilavelhense Futebol Clube |Vila Velha |- |Vitória Futebol Clube (ES) |Vitória |} ==== Defunct clubs ==== {| class="wikitable sortable" |- !Club !Location |- |Linhares Esporte Clube |Linhares |} === Goiás === ''State championship: Campeonato Goiano'' {| class="wikitable sortable" |- !Club !Location |- |Associação Atlética Anapolina |Anápolis |- |Grêmio Esportivo Anápolis |Anápolis |- |Associação Atlética Aparecidense |Aparecida de Goiânia |- |Atlético Clube Goianiense |Goiânia |- |Clube Recreativo e Atlético Catalano |Catalão |- |Goiânia Esporte Clube |Goiânia |- |Goiás Esporte Clube |Goiânia |- |Goiatuba Esporte Clube |Goiatuba |- |Itumbiara Esporte Clube |Itumbiara |- |Associação Esportiva Jataiense |Jataí |- |Mineiros Esporte Clube |Mineiros |- |Associação Atlética Rioverdense |Rio Verde, Goiás |- |Vila Nova Futebol Clube |Goiânia |} === Maranhão === ''State championship: Campeonato Maranhense'' {| class="wikitable sortable" |- !Club !Location |- |Esporte Clube Boa Vontade |São Luís, Maranhão |- |Associação Esportiva Caxiense |Caxias, Maranhão |- |Chapadinha Futebol Clube |Chapadinha |- |Sociedade Imperatriz de Desportos |Imperatriz |- |Maranhão Atlético Clube |São Luís, Maranhão |- |Moto Club de São Luís |São Luís, Maranhão |- |Sampaio Corrêa Futebol Clube |São Luís, Maranhão |- |Sociedade Esportiva Santa Inês |Santa Inês |- |São Bento Esporte Clube |São Bento, Maranhão |- |Esporte Clube Viana |Viana (Maranhão) |} === Mato Grosso === ''State championship: Campeonato Matogrossense'' {| class="wikitable sortable" |- !Club !Location |- |Cacerense Esporte Clube |Cáceres, Mato Grosso |- |Cuiabá Esporte Clube |Cuiabá |- |Grêmio Esportivo Jaciara |Jaciara |- |Sociedade Esportiva e Recreativa Juventude |Primavera do Leste |- |Luverdense Esporte Clube |Lucas do Rio Verde |- |Mixto Esporte Clube |Cuiabá |- |Operário Futebol Clube (Várzea Grande) |Várzea Grande |- |Sinop Futebol Clube |Sinop, Mato Grosso |- |Sorriso Esporte Clube |Sorriso |- |União Esporte Clube |Rondonópolis |- |Sociedade Esportiva Vila Aurora |Rondonópolis |} ==== Defunct clubs ==== {| class="wikitable sortable" |- !Club !Location |- |Associação Atlética Sinop |Sinop, Mato Grosso |- |Sinop Esporte Clube |Sinop, Mato Grosso |} === Mato Grosso do Sul === ''State championship: Campeonato Sul-Matogrossense'' {| class="wikitable sortable" |- !Club !Location |- |Esporte Clube Águia Negra | Rio Brilhante |- |Centro Esportivo Nova Esperança |Campo Grande |- |Esporte Clube Comercial (MS) |Campo Grande |- |Corumbaense Futebol Clube |Corumbá |- |Coxim Atlético Clube |Coxim |- |Operário Futebol Clube |Campo Grande |- |Sociedade Esportiva e Recreativa Chapadão |Chapadão do Sul |} ==== Defunct clubs ==== {| class="wikitable sortable" |- !Club !Location |- |Ubiratan Esporte Clube |Dourados |} === Minas Gerais === ''State championship: Campeonato Mineiro'' {| class="wikitable sortable" |- !Club !Location |- |América Futebol Clube (MG) |Belo Horizonte |- |Clube Atlético Mineiro |Belo Horizonte |- |Associação Atlética Caldense |Poços de Caldas |- |Cruzeiro Esporte Clube |Belo Horizonte |- |Esporte Clube Democrata |Governador Valadares |- |Democrata Futebol Clube |Sete Lagoas |- |Guarani Esporte Clube (MG) |Divinópolis |- |Ipatinga Futebol Clube |Ipatinga |- |Ituiutaba Esporte Clube |Ituiutaba |- |Esporte Clube Mamoré |Patos de Minas |- |Clube Esportivo Passense |Passos, Brazil |- |Social Futebol Clube |Coronel Fabriciano |- |Tupi Football Club |Juiz de Fora |- |Uberaba Sport Club |Uberaba |- |Uberlândia Esporte Clube |Uberlândia |- |União Recreativa dos Trabalhadores |Patos de Minas |- |Valeriodoce Esporte Clube |Itabira |- |Villa Nova Atlético Clube |Nova Lima |} ==== Defunct clubs ==== {| class="wikitable sortable" |- !Club !Location |- |Yale Atlético Clube |Belo Horizonte |} === Pará === ''State championship: Campeonato Paraense'' {| class="wikitable sortable" |- !Club !Location |- |Clube Municipal Ananindeua |Ananindeua |- |Bragantino Clube do Pará |Bragança, Pará |- |Paysandu S.C. |Belém |- |Clube do Remo |Belém |- |Tuna Luso Brasileira |Belém |} === Paraíba === ''State championship: Campeonato Paraibano'' {| class="wikitable sortable" |- !Club !Location |- |Atlético Cajazeirense de Desportos |Cajazeiras |- |Auto Esporte Clube |João Pessoa |- |Botafogo Futebol Clube (PB) |João Pessoa |- |Campinense Clube |Campina Grande |- |Nacional Atlético Clube (Patos) |Patos, Paraíba |- |Associação Desportiva Perilima |Campina Grande |- |Sousa Esporte Clube |Sousa, Paraíba |- |Treze Futebol Clube |Campina Grande |} === Paraná === ''State championship: Campeonato Paranaense'' {| class="wikitable sortable" |- !Club !Location |- |Adap Galo Maringá Football Club |Maringá |- |Clube Atlético Paranaense |Curitiba |- |Cascavel Clube Recreativo |Cascavel |- |Cianorte Futebol Clube |Cianorte |- |Coritiba Foot Ball Club |Curitiba |- |Associação Esportiva Recreativa Engenheiro Beltrão |Engenheiro Beltrão |- |AER Auritânia/Foz do Iguaçú Futebol Clube |Foz do Iguaçu |- |Francisco Beltrão Futebol Clube |Francisco Beltrão |- |Esporte Clube Hawaí |Campo Mourão |- |Associação Atlética Iguaçu |União da Vitória |- |Iraty Sport Club |Irati |- |J. Malucelli Futebol |São José dos Pinhais |- |Londrina Esporte Clube |Londrina |- |Sociedade Esportiva Matsubara |Cambará |- |Nacional Atlético Clube Sociedade Civil Ltda. |Rolândia |- |Operário Ferroviário Esporte Clube |Ponta Grossa |- |Paraná Clube |Curitiba |- |Atlético Clube Paranavaí |Paranavaí |- |Clube Atlético Pitanguense |Pitanga |- |Associação Portuguesa Londrinense |Londrina |- |Real Brasil Clube de Futebol Ltda. |Curitiba |- |Rio Branco Sport Club |Paranaguá |- |Roma Esporte Apucarana |Apucarana |- |Toledo Colônia Work |Toledo, Paraná |- |Associação de Futebol da Amerios Umuarama |Umuarama |} ==== Defunct clubs ==== {| class="wikitable sortable" |- !Club !Location |- |Associação Desportiva Atlética do Paraná |Campo Mourão |- |Associação Atlética Cambaraense |Cambará |- |Cascavel Esporte Clube |Cascavel |- |Galo Maringá Futebol Clube |Maringá |- |Grêmio Esportivo Maringá |Maringá |- |União Bandeirante Futebol Clube |Bandeirantes, Paraná |} === Pernambuco === ''State championship: Campeonato Pernambucano'' {| class="wikitable sortable" |- !Club !Location |- |Central Sport Club |Caruaru |- |Centro Limoeirense de Futebol |Limoeiro |- |Estudantes Sport Club |Timbaúba |- |Ferroviário Esporte Clube |Serra Talhada |- |Íbis Sport Club |Olinda |- |Manchete Futebol Clube do Recife |Recife |- |Clube Náutico Capibaribe |Recife |- |Petrolina Social Futebol Clube |Petrolina |- |Clube Atlético do Porto |Caruaru |- |Salgueiro Atlético Clube |Salgueiro |- |Santa Cruz Futebol Clube |Recife |- |Serrano Futebol Clube (PE) |Serra Talhada |- |Sete de Setembro Esporte Clube |Garanhuns |- |Sport Club do Recife |Recife |- |Sociedade Esportiva Ypiranga Futebol Clube |Santa Cruz do Capibaribe |} ==== Defunct clubs ==== {| class="wikitable sortable" |- !Club !Location |- |Sport Club Flamengo |Recife |} === Piauí === ''State championship: Campeonato Piauiense'' {| class="wikitable sortable" |- !Club !Location |- |4 de Julho Esporte Clube |Piripiri |- |Oeiras Atlético Clube |Oeiras |- |Luís Correia Futebol Clube |Luís Correia |- |Barras Futebol Clube |Barras |- |Associação Atlética Cori-Sabbá |Floriano |- |Princesa do Sul Futebol Clube |Floriano |- |Esporte Clube Flamengo |Teresina |- |Piauí Esporte Clube |Teresina |- |Parnahyba Esporte Clube |Parnaíba |- |Sociedade Esportiva Picos |Picos |- |River Atlético Clube |Teresina |- |Auto Esporte Clube |Teresina |- |Sociedade Esportiva Tiradentes |Teresina |- |Comercial Atletico Clube |Campo Maior |- |Caiçara Esporte Clube |Campo Maior |} ==== Defunct clubs ==== {| class="wikitable sortable" |- !Club !Location |- |Paysandu Esporte Clube |Parnaíba |- |Botafogo Esporte Clube |Teresina |} === Rio de Janeiro === ''State championship: Campeonato Carioca'' {| class="wikitable sortable" |- !Club !Location |- |América Football Club |Rio de Janeiro |- |Americano Futebol Clube |Campos dos Goytacazes |- |Angra dos Reis Esporte Clube |Angra dos Reis |- |Artsul Futebol Clube |Nova Iguaçu |- |Bangu Atlético Clube |Rio de Janeiro |- |Barra Mansa Futebol Clube |Barra Mansa |- |Bela Vista Futebol Clube |Niteroi |- |Boavista Sport Club |Saquarema |- |Bonsucesso Futebol Clube |Rio de Janeiro |- |Botafogo de Futebol e Regatas |Rio de Janeiro |- |Associação Desportiva Cabofriense |Cabo Frio |- |Campo Grande Atlético Clube |Rio de Janeiro |- |Cardoso Moreira Futebol Clube |Cardoso Moreira |- |Casimiro de Abreu Esporte Clube |Casimiro de Abreu, Rio de Janeiro |- |Ceres Futebol Clube |Rio de Janeiro |- |Centro de Futebol Zico Sociedade Esportiva |Rio de Janeiro |- |Duque de Caxias Futebol Clube |Duque de Caxias |- |Universidade Estácio de Sá Futebol Clube |Rio de Janeiro |- |Faissal Futebol Clube |Itaboraí |- |Clube de Regatas do Flamengo |Rio de Janeiro |- |Fluminense Football Club |Rio de Janeiro |- |Friburguense Atlético Clube |Nova Friburgo |- |Goytacaz Futebol Clube |Campos dos Goytacazes |- |Guanabara Esporte Clube |Araruama |- |Independente Esportes Clube Macaé |Macaé |- |Itaperuna Esporte Clube |Itaperuna |- |Macaé Esporte Futebol Clube |Macaé |- |Madureira Esporte Clube |Rio de Janeiro |- |Mesquita Futebol Clube |Mesquita |- |Nova Iguaçu Futebol Clube |Nova Iguaçu |- |Olaria Atlético Clube |Rio de Janeiro |- |Associação Atlética Portuguesa (RJ) |Rio de Janeiro |- |Resende Futebol Clube |Resende, Rio de Janeiro |- |Rio Bonito Atlético Clube |Rio Bonito, Brazil |- |Clube Esportivo Rio Branco |Campos dos Goytacazes |- |São Cristóvão de Futebol e Regatas |Rio de Janeiro |- |Serrano Football Club |Petrópolis |- |Esporte Clube Tigres do Brasil |Rio de Janeiro |- |CR Vasco da Gama |Rio de Janeiro |- |Villa Rio Esporte Clube |Rio de Janeiro |- |Volta Redonda Futebol Clube |Volta Redonda |} ==== Defunct clubs ==== {| class="wikitable sortable" |- !Club !Location |- |América Futebol Clube (TR) |Três Rios |- |Football and Athletic Club |Rio de Janeiro |- |Paissandu Atlético Clube |Rio de Janeiro |- |Rio Cricket e Associação Atlética |Rio de Janeiro |} === Rio Grande do Norte === ''State championship: Campeonato Potiguar'' {| class="wikitable sortable" |- !Club !Location |- |ABC Futebol Clube |Natal, Rio Grande do Norte |- |Alecrim Futebol Clube |Natal, Rio Grande do Norte |- |América Futebol Clube (RN) |Natal, Rio Grande do Norte |- |Associação Cultural Esporte Clube Baraúnas |Mossoró |- |Atlético Clube Coríntians |Caicó |- |Associação Cultural e Desportiva Potiguar |Mossoró |} === Rio Grande do Sul === ''State championship: Campeonato Gaúcho'' {| class="wikitable sortable" |- !Club !Location |- |Clube 15 de Novembro |Campo Bom |- |Grêmio Esportivo Bagé |Bagé |- |Sociedade Esportiva Recreativa e Cultural Brasil |Farroupilha |- |Grêmio Esportivo Brasil |Pelotas |- |Canoas Futebol Clube |Canoas |- |Sociedade Esportiva e Recreativa Caxias do Sul |Caxias do Sul |- |Cerâmica Atlético Clube |Gravataí |- |Clube Esportivo de Bento Gonçalves |Bento Gonçalves, Rio Grande do Sul |- |Grêmio Foot-Ball Porto Alegrense |Porto Alegre |- |Guarany Futebol Clube |Bagé |- |Sport Club Internacional |Porto Alegre |- |Esporte Clube Internacional |Santa Maria, Rio Grande do Sul |- |Esporte Clube Juventude |Caxias do Sul |- |Esporte Clube Novo Hamburgo |Novo Hamburgo |- |Esporte Clube Passo Fundo |Passo Fundo |- |Porto Alegre Futebol Clube |Porto Alegre |- |Sport Club Rio Grande |Rio Grande, Rio Grande do Sul |- |Futebol Clube Santa Cruz |Santa Cruz do Sul |- |Esporte Clube São José |Porto Alegre |- |Esporte Clube São Luiz |Ijuí |- |Grêmio Esportivo Sapucaiense |Sapucaia do Sul |- |Sport Club Ulbra |Canoas |- |Veranópolis Esporte Clube Recreativo e Cultural |Veranópolis |- |Ypiranga Futebol Clube |Erechim |} ==== Defunct clubs ==== {| class="wikitable sortable" |- !Club !Location |- |Força e Luz Futebol Clube |Porto Alegre |} === Rondônia === ''State championship: Campeonato Rondoniense'' {| class="wikitable sortable" |- !Club !Location |- |Sociedade Esportiva Ariquemes |Ariquemes |- |Sport Club Genus Rondoniense |Porto Velho |- |Ji-Paraná Futebol Clube |Ji-Paraná |- |Moto Esporte Clube |Porto Velho |- |Sport Clube Shallon |Porto Velho |- |Sport Club Ulbra Ji-Paraná |Ji-Paraná |- |Sociedade Esportiva União Cacoalense |Cacoal |- |Vilhena Esporte Clube |Vilhena |} === Roraima === ''State championship: Campeonato Roraimense'' {| class="wikitable sortable" |- !Club !Location |- |Baré Esporte Clube |Boa Vista, Roraima |- |Atlético Rio Negro Clube (RR) |Boa Vista, Roraima |- |Atlético Roraima Clube |Boa Vista, Roraima |- |São Raimundo Esporte Clube (RR) |Boa Vista, Roraima |} === Santa Catarina === ''State championship: Campeonato Catarinense'' {| class="wikitable sortable" |- !Club !Location |- |Clube Atlético Tubarão |Tubarão |- |Avaí Futebol Clube |Florianópolis |- |Brusque Futebol Clube |Brusque |- |Criciúma Esporte Clube |Criciúma |- |Figueirense Futebol Clube |Florianópolis |- |Sociedade Esportiva e Recreativa Clube Guarani |Palhoça |- |Clube Atlético Hermann Aichinger |Ibirama |- |Joinville Esporte Clube |Joinville |- |Clube Náutico Marcílio Dias |Itajaí |- |Tubarão Futebol Clube |Tubarão |} === São Paulo === ''State championship: Campeonato Paulista'' {| class="wikitable sortable" |- !Club !Location |- |América Futebol Clube (SP) |São José do Rio Preto |- |Associação Esportiva Araçatuba |Araçatuba |- |Clube Atlético Sorocaba |Sorocaba |- |Botafogo Futebol Clube (SP) |Ribeirão Preto |- |Clube Atlético Bragantino |Bragança Paulista |- |Comercial Futebol Clube (Ribeirão Preto) |Ribeirão Preto |- |Sport Club Corinthians Paulista |São Paulo |- |Associação Ferroviária de Esportes |Araraquara |- |Grêmio Recreativo Barueri |Barueri |- |Guaratinguetá Futebol |Guaratinguetá |- |Guarani Futebol Clube |Campinas |- |Independente Futebol Clube |Limeira |- |Associação Atlética Internacional (Limeira) |Limeira |- |Ituano Futebol Clube |Itu |- |Clube Atlético Joseense |São José dos Campos |- |Clube Atlético Juventus |São Paulo |- |Marília Atlético Clube |Marília |- |Sociedade Esportiva Matonense |Matão |- |Mirassol Futebol Clube |Mirassol |- |Mogi Mirim Esporte Clube |Moji-Mirim |- |Nacional Atlético Clube |São Paulo |- |Esporte Clube Noroeste |Bauru |- |Grêmio Esportivo Novorizontino |Novo Horizonte, São Paulo |- |Oeste Futebol Clube |Itápolis |- |Olé Brasil Futebol Clube |Ribeirão Preto |- |Sociedade Esportiva Palmeiras |São Paulo |- |Paulista Futebol Clube |Jundiaí |- |Associação Atlética Ponte Preta |Campinas |- |Associação Portuguesa de Desportos |São Paulo |- |Associação Atlética Portuguesa Santista |Santos (São Paulo) |- |Red Bull Brasil |São Paulo |- |Rio Branco Esporte Clube |Americana, São Paulo |- |Rio Claro Futebol Clube |Rio Claro, São Paulo |- |Rio Preto Esporte Clube |São José do Rio Preto |- |Esporte Clube Santo André |Santo André, São Paulo |- |Santos Futebol Clube |Santos (São Paulo) |- |Esporte Clube São Bento |Sorocaba |- |São Carlos Futebol Clube |São Carlos |- |Associação Desportiva São Caetano |São Caetano do Sul |- |São José Esporte Clube |São José dos Campos |- |São Paulo Futebol Clube |São Paulo |- |Sertãozinho Futebol Clube |Sertãozinho |- |Esporte Clube Taubaté |Taubaté |- |Tanabi Esporte Clube |Tanabi |- |Esporte Clube XV de Novembro (Jaú) |Jaú |- |Esporte Clube XV de Novembro (Piracicaba) |Piracicaba |- |União Agrícola Barbarense Futebol Clube |Santa Bárbara d'Oeste |- |União São João Esporte Clube |Araras |} ==== Defunct clubs ==== {| class="wikitable sortable" |- !Club !Location |- |Clube Atlético Bandeirantes |São Carlos |- |Grêmio Esportivo Catanduvense |Catanduva |- |Comercial Futebol Clube (São Paulo city) |São Paulo |- |Estrela da Bela Vista Esporte Clube |São Carlos |- |Expresso São Carlos Esporte Clube |São Carlos |- |Sport Club Germânia |São Paulo |- |Associação Atlética das Palmeiras |São Paulo |- |Paulista Esporte Clube |São Carlos |- |Club Athletico Paulistano |São Paulo |- |São Carlos Clube |São Carlos |- |Grêmio Esportivo Sãocarlense |São Carlos |- |São Paulo Athletic Club |São Paulo |- |São Paulo F.C. da Floresta |São Paulo |} === Sergipe === ''State championship: Campeonato Sergipano'' {| class="wikitable sortable" |- !Club !Location |- |América Futebol Clube (SE) |Propriá |- |Associação Desportiva Confiança |Aracaju |- |Cotingüiba Esporte Clube |Aracaju |- |Associação Olímpica de Itabaiana |Itabaiana |- |Atlético Clube Lagartense |Lagarto (SE) |- |Olímpico Pirambu Futebol Clube |Pirambu |- |Esporte Clube Propriá |Propriá |- |Club Sportivo Sergipe |Aracaju |} === Tocantins === ''State championship: Campeonato Tocantinense'' {| class="wikitable sortable" |- !Club !Location |- |Araguaína Futebol e Regatas |Araguaína |- |Gurupi Esporte Clube |Gurupi |- |Palmas Futebol e Regatas |Palmas, Tocantins |- |Intercap Esporte Clube |Paraíso do Tocantins |- |Interporto Futebol Clube |Porto Nacional |- |Kaburé Esporte Clube |Colinas do Tocantins |- |Tocantinópolis Esporte Clube |Tocantinópolis |} Category:Brazilian football clubs Category:Lists of football teams Category:Brazil-related lists
