From:
To:
Date:
Subject: List of English football teams
This is a '''list of English football league system Association Football teams''' in the Premier League (the top or 1st level league) and the English Football League (which consists of the 2nd, 3rd, and 4th levels of leagues in England) and the league for which each team plays. == A-Z order == {| class="wikitable sortable" |+ !Football Club !League (Level) !Other name !Ground / Stadium |- |Accrington Stanley F.C. |EFL League Two (4) |Stanley |Crown Ground |- |A.F.C. Bournemouth | Premier League (1) |Cherries |Dean Court |- |A.F.C. Wimbledon | EFL League Two (4) |Dons |Plough Lane |- |Arsenal F.C. |Premier League (1) |Gunners |Emirates Stadium |- |Aston Villa F.C. |Premier League (1) |Villans, Villa |Villa Park |- |Barnsley F.C. |EFL League One (3) |Tykes |Oakwell |- |Barrow A.F.C. |EFL League Two (4) |Bluebirds |Holker Street |- |Birmingham City F.C. | EFL Championship (2) |Blues |St Andrews (disambiguation) |- |Blackburn Rovers F.C. |EFL Championship (2) |Rovers |Ewood Park |- |Blackpool F.C. |EFL League One (3) |Seasiders |Bloomfield Road |- |Bolton Wanderers F.C. |EFL League One (3) |Trotters |Toughsheet Community Stadium |- |Bradford City A.F.C. |EFL League Two (4) |BantamsParadersCitizens |Valley Parade |- |Brentford F.C. |Premier League (1) |Bees |Gtech Community Stadium |- |Brighton & Hove Albion F.C. |Premier League (1) |Seagulls |Falmer Stadium |- |Bristol City F.C. |EFL Championship (2) |Robins |Ashton Gate Stadium |- |Bristol Rovers F.C. |EFL League One (3) |Pirates |Memorial Stadium (Bristol) |- |Burnley F.C. |Premier League (1) |Clarets |Turf Moor |- |Burton Albion F.C. |EFL League One (3) |Brewers |Pirelli Stadium |- |Cambridge United F.C. |EFL League One (3) |Silicon Fen |Abbey Stadium |- |Cardiff City F.C. |EFL Championship (2) |Bluebirds |Cardiff City Stadium |- |Carlisle United F.C. |EFL League One (3) |CumbriansBlues |Brunton Park |- |Charlton Athletic F.C. |EFL League One (3) |AddicksRed Robins |The Valley (London) |- |Chelsea F.C. |Premier League (1) |Blues |Stamford Bridge (stadium) |- |[https://en.m.wikipedia.org/wiki/Cheltenham_Town_F.C. Cheltenham Town F.C.] |EFL League One (3) |Robins |Whaddon Road |- |Colchester United F.C. |EFL League Two (4) |United, Us |Colchester Community Stadium |- |Coventry City F.C. |EFL Championship (2) |Sky Blues |St Andrew's (stadium) |- |[https://en.m.wikipedia.org/wiki/Crawley_Town_F.C. Crawley Town F.C.] |EFL League Two (4) |Red Devils |Broadfield Stadium |- |Crewe Alexandra F.C. |EFL League Two (4) |Railwaymen |Gresty Road |- |Crystal Palace F.C. |Premier League (1) |EaglesGlaziers |Selhurst Park |- |Derby County F.C. |EFL League One (3) |Rams |Pride Park Stadium |- |Doncaster Rovers F.C. |EFL League Two (4) |Donny |Keepmoat Stadium |- |Everton F.C. |Premier League (1) |Toffees |Goodison Park |- |Exeter City F.C. |EFL League One (3) |Grecians |St James Park (Exeter) |- |Fleetwood Town F.C. |EFL League One (3) |FishermanTrawlerman/cod army |Highbury Stadium (Fleetwood) |- |[https://en.m.wikipedia.org/wiki/Forest_Green_Rovers_F.C. Forest Green Rovers] |EFL League Two (4) |RoversGreen Devils |The New Lawn (stadium) |- |Fulham F.C. |Premier League (1) |CottagersLily Whites |Craven Cottage |- |Gillingham F.C. |EFL League Two (4) |Gills |Priestfield Stadium |- |Grimsby Town F.C. |EFL League Two (4) |Mariners |Blundell Park |- |[https://en.m.wikipedia.org/wiki/Harrogate_Town_A.F.C. Harrogate Town A.F.C.] |EFL League Two (4) |Sulphurites |Wetherby Road |- |Huddersfield Town A.F.C. |EFL Championship (2) |Terriers |Kirklees Stadium |- |Hull City A.F.C. |EFL Championship (2) |Tigers |KCOM Stadium |- |Ipswich Town F.C. |EFL Championship (2) |The Blues |Portman Road |- |Leeds United F.C. |EFL Championship (2) |WhitesPeacocks |Elland Road |- |Leicester City F.C. |EFL Championship (2) |Foxes |King Power Stadium |- |Lincoln City F.C. |EFL League One (3) |Imps |Sincil Bank |- |Leyton Orient F.C. |EFL League One (3) |Orient |Brisbane Road |- |Liverpool F.C. |Premier League (1) |Reds |Anfield |- |Luton Town F.C. |Premier League (1) |Hatters |Kenilworth Road |- |Manchester City F.C. |Premier League (1) |Cityzens |City of Manchester Stadium |- |Manchester United F.C. |Premier League (1) |Red Devils |Old Trafford |- |Mansfield Town F.C. |EFL League Two (4) |Stags |Field Mill |- |Middlesbrough F.C. |EFL Championship (2) |Boro |Riverside Stadium |- |Millwall F.C. |EFL Championship (2) |Lions |The Den |- |Milton Keynes Dons F.C. |EFL League Two (4) |Dons |Stadium MK |- |[https://en.m.wikipedia.org/wiki/Morecambe_F.C. Morecambe F.C.] |EFL League Two (4) |Shrimps |Mazuma Stadium |- |Newcastle United F.C. |Premier League (1) |Magpies |St James' Park |- |Newport County A.F.C. |EFL League Two (4) |Exiles, Ironsides |Rodney Parade |- |Norwich City F.C. |EFL Championship (2) |Canaries |Carrow Road |- |Northampton Town F.C. |EFL League One (3) |Cobblers |Sixfields Stadium |- |Nottingham Forest F.C. |Premier League (1) |Forest |City Ground |- |Notts County F.C. |EFL League Two (4) |Magpies |Meadow Lane Stadium |- |Oxford United F.C. |EFL League One (3) |U's |Kassam Stadium |- |Peterborough United F.C. |EFL League One (3) |Posh |Weston Homes Stadium |- |Plymouth Argyle F.C. |EFL Championship (2) |Pilgrims |Home Park |- |Port Vale F.C. |EFL League One (3) |Valiants |Vale Park |- |Portsmouth F.C. |EFL League One (3) |Pompey |Fratton Park |- |Preston North End F.C. |EFL Championship (2) |Lilywhites |Deepdale Stadium |- |Queens Park Rangers F.C. |EFL Championship (2) |QPR |Loftus Road |- |Reading F.C. |EFL League One (3) |Royals |Select Car Leasing Stadium (Madejski Stadium) |- |Rotherham United F.C. |EFL Championship (2) |Millers |New York Stadium |- |Salford City F.C. |EFL League Two (4) |Ammies |Moor Lane |- |Sheffield United F.C. |Premier League (1) |Blades |Bramall Lane |- |Sheffield Wednesday F.C. |EFL Championship (2) |Owls |Hillsborough Stadium |- |Shrewsbury Town F.C. |EFL League One (3) |Shrews |New Meadow |- |Southampton F.C. |EFL Championship (2) |Saints |St Mary's Stadium |- |Stevenage F.C. |EFL League One (3) |The Boro |Broadhall Way |- |Stockport County F.C. |EFL League Two (4) |The Hatters |Edgeley Park |- |Stoke City F.C. |EFL Championship (2) |Potters |Bet365 Stadium |- |Sunderland A.F.C. |EFL Championship (2) |Black cats |Stadium of light |- |Sutton United F.C. |EFL League Two (4) |The U's, The Amber and Chocolates, The Yellows |Gander Green Lane |- |Swansea City A.F.C. |EFL Championship (2) |Swans |Liberty Stadium |- |Swindon Town F.C. |EFL League Two (4) |Robins |County Ground (Swindon) |- |Tottenham Hotspur F.C. |Premier League (1) |Spurs, Lilywhites |Tottenham Hotspur Stadium |- |Tranmere Rovers F.C. |EFL League Two (4) |Super White Army |Prenton Park |- |Walsall F.C. |EFL League Two (4) |Saddlers |Bescot Stadium |- |Watford F.C. |EFL Championship (2) |Hornets |Vicarage Road |- |West Bromwich Albion F.C. |EFL Championship (2) |Baggies |The Hawthorns |- |West Ham United F.C. |Premier League (1) |Hammers |London Stadium |- |Wigan Athletic F.C. |EFL League One (3) |Latics |DW Stadium |- |Wolverhampton Wanderers F.C. |Premier League (1) |Wolves, Wanderers |Molineux Stadium |- |Wrexham A.F.C. |EFL League Two (4) |Red Dragons, Robins, Town |Racecourse Ground (STōk Cae Ras) |- |Wycombe Wanderers F.C. |EFL League One (3) |Chairboys |Adam Park Stadium |} Category:English football clubs Category:Lists of football teams Category:England football-related lists
